Workbook
Name EnhancementHabitats2: 'Z8 TARGET ENHANCEMENT'!$K$1:$K$508

Sheet RESULTS
C3: SINGAPORE BIODIVERSITY ACCOUNTING METRIC 1.1
C4: RESULTS
C6: PROJECT NAME:
C7: PROJECT STAGE:
C8: ASSESSOR:
C9: REVIEWER:
C10: DATE OF ASSESSMENT:
C12: BASELINE | E12: TERRESTRIAL UNITS | F12: ='A1 Baseline - Terrestrial'!L256 -> 0 | G12: TOTAL
E13: FRESHWATER UNITS | F13: ='B1 Baseline - FW'!L256 -> 0
E14: MARINE UNITS | F14: ='C1 Baseline - Marine'!L256 -> 0 | G14: =SUM(F12:F14) -> 0
C15: POST DEVELOPMENT | E15: TERRESTRIAL UNITS | F15: ='A1 Baseline - Terrestrial'!P256+'A2 Creation - Terrestrial'!N255+'A3 Enhancement - Terrestrial'!W255 -> 6 | G15: TOTAL
E16: FRESHWATER UNITS | F16: ='B1 Baseline - FW'!P256+'B2 Creation - FW'!N255+'B3 Enhancement - FW'!W255 -> 0
E17: MARINE UNITS | F17: ='C1 Baseline - Marine'!P256+'C2 Creation - Marine'!N255+'C3 Enhancement - Marine'!W255 -> 0 | G17: =SUM(F15:F17) -> 6
C18: NET CHANGE - BIODIVERSITY UNITS | E18: TERRESTRIAL UNITS | F18: =F15-F12 -> 6
E19: FRESHWATER UNITS | F19: =F16-F13 -> 0
E20: MARINE UNITS | F20: =F17-F14 -> 0
C21: NET % CHANGE - BIODIVERSITY UNITS | E21: TERRESTRIAL UNITS | F21: =IFERROR(((F15-F12)/F12),"0") -> 0
E22: FRESHWATER UNITS | F22: =IFERROR(((F16-F13)/F13),"0") -> 0
E23: MARINE UNITS | F23: =IFERROR(((F17-F14)/F14),"0") -> 0
C24: NET CHANGE - COMBINED | E24: =F18+F19+F20 -> 6
C25: NET % CHANGE - COMBINED | E25: =IFERROR(((G17-G14)/G14),"COMPLETE ASSESSMENT") -> COMPLETE ASSESSMENT
C27: HABITAT TRADING SATISFIED? | E27: TO BE CONFIGURED IN FUTURE VERSION
C29: ERROR CHECK | E29: BASELINE HABITAT LOSS = HABITAT CREATED | G29: DIFFERENCE IN AREA (NET INCREASE: CREATION - LOSS) | H29: COMMENTARY
C30: TERRESTRIAL | E30: =IFERROR(IF(OR(('A2 Creation - Terrestrial'!F255-'A1 Baseline - Terrestrial'!R256)>0.01,('A2 Creation - Terrestrial'!F255-'A1 Baseline - Terrestrial'!R256)<-0.01),"N","Y"),"") -> N | G30: ='A2 Creation - Terrestrial'!F255-'A1 Baseline - Terrestrial'!R256 -> 4
C31: FRESHWATER | E31: =IFERROR(IF(OR(('B2 Creation - FW'!F255-'B1 Baseline - FW'!R256)>0.01,('B2 Creation - FW'!F255-'B1 Baseline - FW'!R256)<-0.01),"N","Y"),"") -> Y | G31: ='B2 Creation - FW'!F255-'B1 Baseline - FW'!R256 -> 0
C32: MARINE | E32: =IFERROR(IF(OR(('C2 Creation - Marine'!F255-'C1 Baseline - Marine'!R256)>0.01,('C2 Creation - Marine'!F255-'C1 Baseline - Marine'!R256)<-0.01),"N","Y"),"") -> Y | G32: ='C2 Creation - Marine'!F255-'C1 Baseline - Marine'!R256 -> 0
C33: COMBINED | E33: =IFERROR(IF(OR((G33)>0,(G33)<0),"N","Y"),"") -> N | G33: =SUM(G30:G32) -> 4

Sheet A1 Baseline - Terrestrial
X1: 1
D2: BASELINE | X2: 1
D3: TERRESTRIAL UNITS | X3: 1
X4: 1
X5: 1
E6: Habitats and Areas | G6: Distinctiveness | I6: Condition | K6: Habitat Trading (compensation requirement) | L6: Ecological Baseline | N6: Lost, Retained and Enhanced Biodiversity Units | T6: Justifications and Comments | X6: =IF(F6="",0,1) -> 0
D7: Ref | E7: Habitat Type | F7: Area (hectares) | G7: Distinctiveness | H7: Score | I7: Condition | J7: Score | L7: Total Terrestrial Units | N7: Area Retained (ha) | O7: Area Enhanced (ha) | P7: Baseline Units Retained | Q7: Baseline Units Enhanced | R7: Area Lost (ha) | S7: Terrestrial Units Lost | X7: =IF(F7="",0,1) -> 1
D8: 1 | F8: 6 | G8: =IFERROR(VLOOKUP(E8,'Z1 HAB CLASS'!$D$4:$E$45,2,FALSE)," ") | H8: =IFERROR(VLOOKUP(G8,'Z1 HAB CLASS'!$L$3:$N$9,2,FALSE)," ") | I8: Poor | J8: =IFERROR(VLOOKUP(I8,'Z3 CONDITION VALUE'!$A$3:$B$5,2,FALSE)," ") -> 1 | K8: =IFERROR(VLOOKUP(G8,'Z1 HAB CLASS'!$L$4:$N$9,3,FALSE)," ") | L8: =IFERROR(F8*H8*J8," ") | N8: 3 | O8: 2 | P8: =IFERROR(N8*H8*J8," ") | Q8: =IFERROR(O8*H8*J8, " ") | R8: =IF(E8="","",IF(F8<N8+O8, "Errors in Areas",F8-(N8+O8))) | S8: =IFERROR(R8*H8*J8," ") | X8: =IF(F8="",0,1) -> 1
D9: 2 | F9: 3 | G9: =IFERROR(VLOOKUP(E9,'Z1 HAB CLASS'!$D$4:$E$45,2,FALSE)," ") | H9: =IFERROR(VLOOKUP(G9,'Z1 HAB CLASS'!$L$3:$N$9,2,FALSE)," ") | I9: Moderate | J9: =IFERROR(VLOOKUP(I9,'Z3 CONDITION VALUE'!$A$3:$B$5,2,FALSE)," ") -> 2 | K9: =IFERROR(VLOOKUP(G9,'Z1 HAB CLASS'!$L$4:$N$9,3,FALSE)," ") | L9: =IFERROR(F9*H9*J9," ") | P9: =IFERROR(N9*H9*J9," ") | Q9: =IFERROR(O9*H9*J9, " ") | R9: =IF(E9="","",IF(F9<N9+O9, "Errors in Areas",F9-(N9+O9))) | S9: =IFERROR(R9*H9*J9," ") | X9: =IF(F9="",0,1) -> 1
D10: 3 | F10: 2 | G10: =IFERROR(VLOOKUP(E10,'Z1 HAB CLASS'!$D$4:$E$45,2,FALSE)," ") | H10: =IFERROR(VLOOKUP(G10,'Z1 HAB CLASS'!$L$3:$N$9,2,FALSE)," ") | I10: Moderate | J10: =IFERROR(VLOOKUP(I10,'Z3 CONDITION VALUE'!$A$3:$B$5,2,FALSE)," ") -> 2 | K10: =IFERROR(VLOOKUP(G10,'Z1 HAB CLASS'!$L$4:$N$9,3,FALSE)," ") | L10: =IFERROR(F10*H10*J10," ") | P10: =IFERROR(N10*H10*J10," ") | Q10: =IFERROR(O10*H10*J10, " ") | R10: =IF(E10="","",IF(F10<N10+O10, "Errors in Areas",F10-(N10+O10))) | S10: =IFERROR(R10*H10*J10," ") | X10: =IF(F10="",0,1) -> 1
D11: 4 | G11: =IFERROR(VLOOKUP(E11,'Z1 HAB CLASS'!$D$4:$E$45,2,FALSE)," ") | H11: =IFERROR(VLOOKUP(G11,'Z1 HAB CLASS'!$L$3:$N$9,2,FALSE)," ") | J11: =IFERROR(VLOOKUP(I11,'Z3 CONDITION VALUE'!$A$3:$B$5,2,FALSE)," ") | K11: =IFERROR(VLOOKUP(G11,'Z1 HAB CLASS'!$L$4:$N$9,3,FALSE)," ") | L11: =IFERROR(F11*H11*J11," ") | P11: =IFERROR(N11*H11*J11," ") | Q11: =IFERROR(O11*H11*J11, " ") | R11: =IF(E11="","",IF(F11<N11+O11, "Errors in Areas",F11-(N11+O11))) | S11: =IFERROR(R11*H11*J11," ") | X11: =IF(F11="",0,1) -> 0
D12: 5 | G12: =IFERROR(VLOOKUP(E12,'Z1 HAB CLASS'!$D$4:$E$45,2,FALSE)," ") | H12: =IFERROR(VLOOKUP(G12,'Z1 HAB CLASS'!$L$3:$N$9,2,FALSE)," ") | J12: =IFERROR(VLOOKUP(I12,'Z3 CONDITION VALUE'!$A$3:$B$5,2,FALSE)," ") | K12: =IFERROR(VLOOKUP(G12,'Z1 HAB CLASS'!$L$4:$N$9,3,FALSE)," ") | L12: =IFERROR(F12*H12*J12," ") | P12: =IFERROR(N12*H12*J12," ") | Q12: =IFERROR(O12*H12*J12, " ") | R12: =IF(E12="","",IF(F12<N12+O12, "Errors in Areas",F12-(N12+O12))) | S12: =IFERROR(R12*H12*J12," ") | X12: =IF(F12="",0,1) -> 0
D13: 6 | G13: =IFERROR(VLOOKUP(E13,'Z1 HAB CLASS'!$D$4:$E$45,2,FALSE)," ") | H13: =IFERROR(VLOOKUP(G13,'Z1 HAB CLASS'!$L$3:$N$9,2,FALSE)," ") | J13: =IFERROR(VLOOKUP(I13,'Z3 CONDITION VALUE'!$A$3:$B$5,2,FALSE)," ") | K13: =IFERROR(VLOOKUP(G13,'Z1 HAB CLASS'!$L$4:$N$9,3,FALSE)," ") | L13: =IFERROR(F13*H13*J13," ") | P13: =IFERROR(N13*H13*J13," ") | Q13: =IFERROR(O13*H13*J13, " ") | R13: =IF(E13="","",IF(F13<N13+O13, "Errors in Areas",F13-(N13+O13))) | S13: =IFERROR(R13*H13*J13," ") | X13: =IF(F13="",0,1) -> 0
D14: 7 | G14: =IFERROR(VLOOKUP(E14,'Z1 HAB CLASS'!$D$4:$E$45,2,FALSE)," ") | H14: =IFERROR(VLOOKUP(G14,'Z1 HAB CLASS'!$L$3:$N$9,2,FALSE)," ") | J14: =IFERROR(VLOOKUP(I14,'Z3 CONDITION VALUE'!$A$3:$B$5,2,FALSE)," ") | K14: =IFERROR(VLOOKUP(G14,'Z1 HAB CLASS'!$L$4:$N$9,3,FALSE)," ") | L14: =IFERROR(F14*H14*J14," ") | P14: =IFERROR(N14*H14*J14," ") | Q14: =IFERROR(O14*H14*J14, " ") | R14: =IF(E14="","",IF(F14<N14+O14, "Errors in Areas",F14-(N14+O14))) | S14: =IFERROR(R14*H14*J14," ") | X14: =IF(F14="",0,1) -> 0
D15: 8 | G15: =IFERROR(VLOOKUP(E15,'Z1 HAB CLASS'!$D$4:$E$45,2,FALSE)," ") | H15: =IFERROR(VLOOKUP(G15,'Z1 HAB CLASS'!$L$3:$N$9,2,FALSE)," ") | J15: =IFERROR(VLOOKUP(I15,'Z3 CONDITION VALUE'!$A$3:$B$5,2,FALSE)," ") | K15: =IFERROR(VLOOKUP(G15,'Z1 HAB CLASS'!$L$4:$N$9,3,FALSE)," ") | L15: =IFERROR(F15*H15*J15," ") | P15: =IFERROR(N15*H15*J15," ") | Q15: =IFERROR(O15*H15*J15, " ") | R15: =IF(E15="","",IF(F15<N15+O15, "Errors in Areas",F15-(N15+O15))) | S15: =IFERROR(R15*H15*J15," ") | X15: =IF(F15="",0,1) -> 0
D16: 9 | G16: =IFERROR(VLOOKUP(E16,'Z1 HAB CLASS'!$D$4:$E$45,2,FALSE)," ") | H16: =IFERROR(VLOOKUP(G16,'Z1 HAB CLASS'!$L$3:$N$9,2,FALSE)," ") | J16: =IFERROR(VLOOKUP(I16,'Z3 CONDITION VALUE'!$A$3:$B$5,2,FALSE)," ") | K16: =IFERROR(VLOOKUP(G16,'Z1 HAB CLASS'!$L$4:$N$9,3,FALSE)," ") | L16: =IFERROR(F16*H16*J16," ") | P16: =IFERROR(N16*H16*J16," ") | Q16: =IFERROR(O16*H16*J16, " ") | R16: =IF(E16="","",IF(F16<N16+O16, "Errors in Areas",F16-(N16+O16))) | S16: =IFERROR(R16*H16*J16," ") | X16: =IF(F16="",0,1) -> 0
D17: 10 | G17: =IFERROR(VLOOKUP(E17,'Z1 HAB CLASS'!$D$4:$E$45,2,FALSE)," ") | H17: =IFERROR(VLOOKUP(G17,'Z1 HAB CLASS'!$L$3:$N$9,2,FALSE)," ") | J17: =IFERROR(VLOOKUP(I17,'Z3 CONDITION VALUE'!$A$3:$B$5,2,FALSE)," ") | K17: =IFERROR(VLOOKUP(G17,'Z1 HAB CLASS'!$L$4:$N$9,3,FALSE)," ") | L17: =IFERROR(F17*H17*J17," ") | P17: =IFERROR(N17*H17*J17," ") | Q17: =IFERROR(O17*H17*J17, " ") | R17: =IF(E17="","",IF(F17<N17+O17, "Errors in Areas",F17-(N17+O17))) | S17: =IFERROR(R17*H17*J17," ") | X17: =IF(F17="",0,1) -> 0
D18: 11 | G18: =IFERROR(VLOOKUP(E18,'Z1 HAB CLASS'!$D$4:$E$45,2,FALSE)," ") | H18: =IFERROR(VLOOKUP(G18,'Z1 HAB CLASS'!$L$3:$N$9,2,FALSE)," ") | J18: =IFERROR(VLOOKUP(I18,'Z3 CONDITION VALUE'!$A$3:$B$5,2,FALSE)," ") | K18: =IFERROR(VLOOKUP(G18,'Z1 HAB CLASS'!$L$4:$N$9,3,FALSE)," ") | L18: =IFERROR(F18*H18*J18," ") | P18: =IFERROR(N18*H18*J18," ") | Q18: =IFERROR(O18*H18*J18, " ") | R18: =IF(E18="","",IF(F18<N18+O18, "Errors in Areas",F18-(N18+O18))) | S18: =IFERROR(R18*H18*J18," ") | X18: =IF(F18="",0,1) -> 0
D19: 12 | G19: =IFERROR(VLOOKUP(E19,'Z1 HAB CLASS'!$D$4:$E$45,2,FALSE)," ") | H19: =IFERROR(VLOOKUP(G19,'Z1 HAB CLASS'!$L$3:$N$9,2,FALSE)," ") | J19: =IFERROR(VLOOKUP(I19,'Z3 CONDITION VALUE'!$A$3:$B$5,2,FALSE)," ") | K19: =IFERROR(VLOOKUP(G19,'Z1 HAB CLASS'!$L$4:$N$9,3,FALSE)," ") | L19: =IFERROR(F19*H19*J19," ") | P19: =IFERROR(N19*H19*J19," ") | Q19: =IFERROR(O19*H19*J19, " ") | R19: =IF(E19="","",IF(F19<N19+O19, "Errors in Areas",F19-(N19+O19))) | S19: =IFERROR(R19*H19*J19," ") | X19: =IF(F19="",0,1) -> 0
D20: 13 | G20: =IFERROR(VLOOKUP(E20,'Z1 HAB CLASS'!$D$4:$E$45,2,FALSE)," ") | H20: =IFERROR(VLOOKUP(G20,'Z1 HAB CLASS'!$L$3:$N$9,2,FALSE)," ") | J20: =IFERROR(VLOOKUP(I20,'Z3 CONDITION VALUE'!$A$3:$B$5,2,FALSE)," ") | K20: =IFERROR(VLOOKUP(G20,'Z1 HAB CLASS'!$L$4:$N$9,3,FALSE)," ") | L20: =IFERROR(F20*H20*J20," ") | P20: =IFERROR(N20*H20*J20," ") | Q20: =IFERROR(O20*H20*J20, " ") | R20: =IF(E20="","",IF(F20<N20+O20, "Errors in Areas",F20-(N20+O20))) | S20: =IFERROR(R20*H20*J20," ") | X20: =IF(F20="",0,1) -> 0
D21: 14 | G21: =IFERROR(VLOOKUP(E21,'Z1 HAB CLASS'!$D$4:$E$45,2,FALSE)," ") | H21: =IFERROR(VLOOKUP(G21,'Z1 HAB CLASS'!$L$3:$N$9,2,FALSE)," ") | J21: =IFERROR(VLOOKUP(I21,'Z3 CONDITION VALUE'!$A$3:$B$5,2,FALSE)," ") | K21: =IFERROR(VLOOKUP(G21,'Z1 HAB CLASS'!$L$4:$N$9,3,FALSE)," ") | L21: =IFERROR(F21*H21*J21," ") | P21: =IFERROR(N21*H21*J21," ") | Q21: =IFERROR(O21*H21*J21, " ") | R21: =IF(E21="","",IF(F21<N21+O21, "Errors in Areas",F21-(N21+O21))) | S21: =IFERROR(R21*H21*J21," ") | X21: =IF(F21="",0,1) -> 0
D22: 15 | G22: =IFERROR(VLOOKUP(E22,'Z1 HAB CLASS'!$D$4:$E$45,2,FALSE)," ") | H22: =IFERROR(VLOOKUP(G22,'Z1 HAB CLASS'!$L$3:$N$9,2,FALSE)," ") | J22: =IFERROR(VLOOKUP(I22,'Z3 CONDITION VALUE'!$A$3:$B$5,2,FALSE)," ") | K22: =IFERROR(VLOOKUP(G22,'Z1 HAB CLASS'!$L$4:$N$9,3,FALSE)," ") | L22: =IFERROR(F22*H22*J22," ") | P22: =IFERROR(N22*H22*J22," ") | Q22: =IFERROR(O22*H22*J22, " ") | R22: =IF(E22="","",IF(F22<N22+O22, "Errors in Areas",F22-(N22+O22))) | S22: =IFERROR(R22*H22*J22," ") | X22: =IF(F22="",0,1) -> 0
... D255: 248 | G255: =IFERROR(VLOOKUP(E255,'Z1 HAB CLASS'!$D$4:$E$45,2,FALSE)," ") | H255: =IFERROR(VLOOKUP(G255,'Z1 HAB CLASS'!$L$3:$N$9,2,FALSE)," ") | J255: =IFERROR(VLOOKUP(I255,'Z3 CONDITION VALUE'!$A$3:$B$5,2,FALSE)," ") | K255: =IFERROR(VLOOKUP(G255,'Z1 HAB CLASS'!$L$4:$N$9,3,FALSE)," ") | L255: =IFERROR(F255*H255*J255," ") | P255: =IFERROR(N255*H255*J255," ") | Q255: =IFERROR(O255*H255*J255, " ") | R255: =IF(E255="","",IF(F255<N255+O255, "Errors in Areas",F255-(N255+O255))) | S255: =IFERROR(R255*H255*J255," ") | X255: =IF(F255="",0,1) -> 0
F256: =SUM(F8:F254) -> 11 | L256: =SUMIF(L8:L255,"<>#N/A") -> 0 | N256: =SUMIF(N8:N255,"<>#N/A") -> 3 | O256: =SUMIF(O8:O255,"<>#N/A") -> 2 | P256: =SUMIF(P8:P255,"<>#N/A") -> 0 | Q256: =SUMIF(Q8:Q255,"<>#N/A") -> 0 | R256: =SUMIF(R8:R255,"<>#N/A") -> 0 | S256: =SUMIF(S8:S255,"<>#N/A") -> 0 | X256: =IF(F256="",0,1) -> 1

Sheet A3 Enhancement - Terrestrial
Z1: 1
D2: POST-DEVELOPMENT | Z2: 1
D3: ENHANCEMENT - TERRESTRIAL HABITATS | Z3: 1
Z4: 1
E5: Habitats and Areas | I5: Habitat Trading (compensation requirement) | J5: Change | L5: Post-Development | Q5: Change in Habitat Summary | T5: Time to Target Condition | U5: Difficulty of Enhancement | V5: Difficulty Multiplier | W5: Terrestrial Units Delivered | X5: Comments and justification | Z5: 1
D6: Baseline Ref | E6: Baseline Habitat | F6: Distinctiveness Score | G6: Condition Score | H6: Proposed Habitat | J6: Distinctiveness | K6: Condition | L6: Area (ha) | M6: Distinctiveness | N6: Distinctiveness Score | O6: Target Condition | P6: Condition Score | Q6: Existing Condition | R6: Existing Habitat/Condition | S6: Proposed Habitat/Condition | T6: No. Years | Z6: 1
D7: ='A1 Baseline - Terrestrial'!D8 -> 1 | E7: =IF(OR('A1 Baseline - Terrestrial'!E8="",'A1 Baseline - Terrestrial'!O8=0), "",'A1 Baseline - Terrestrial'!E8) | F7: =IF(E7="", "", 'A1 Baseline - Terrestrial'!H8) | G7: =IF(E7="", "", 'A1 Baseline - Terrestrial'!J8) | H7: Abandoned land forest | I7: =IF(E7="","",'A1 Baseline - Terrestrial'!K8) | J7: =IF(OR(E7="",H7=""),"",IF(AND(E7=H7,G7>=P7),"Error - No Enhancement",IF(AND(E7=H7,G7<P7),"Acceptable",IF(F7>N7,"Trading Down - Unacceptable Change",IF(F7=N7,"Error - No Enhancement",'A1 Baseline - Terrestrial'!G8&" - "&IFERROR(VLOOKUP(H7,'Z1 HAB CLASS'!$D$4:$E$45,2,FALSE),"")))))) | K7: =IF(E7="","",IF(AND(E7=H7,G7>=P7),"Error - No Enhancement",IF(AND(E7=H7,G7<P7),'A1 Baseline - Terrestrial'!I8&" - "&'A3 Enhancement - Terrestrial'!O7,IF(F7>N7,"Trading Down - Unacceptable Change",IF(F7=N7,"Error - No Enhancement",IF(AND(E7<>H7,F7<N7),"Lower Distinctiveness Habitat"&" - "&O7,'A1 Baseline - Terrestrial'!I8&" - "&'A3 Enhancement - Terrestrial'!O7)))))) | L7: =IF(E7="","",'A1 Baseline - Terrestrial'!O8) | M7: =IFERROR(VLOOKUP(H7,'Z1 HAB CLASS'!$D$4:$E$45,2,FALSE)," ") -> Moderate | N7: =IFERROR(VLOOKUP(M7,'Z1 HAB CLASS'!$L$3:$N$9,2,FALSE)," ") -> 4 | O7: Poor | P7: =IFERROR(VLOOKUP(O7,'Z3 CONDITION VALUE'!$A$3:$B$5,2,FALSE)," ") -> 1 | Q7: =IF(OR('A1 Baseline - Terrestrial'!E8="", 'A1 Baseline - Terrestrial'!O8=0), "", 'A1 Baseline - Terrestrial'!I8&"") | R7: =_xludf.TEXTJOIN("/",TRUE,E7,Q7) -> #NAME? | S7: =_xludf.TEXTJOIN("/",TRUE,H7,O7) -> #NAME? | T7: {=IF(OR(R7="",S7=""),"",INDEX('Z8 TARGET ENH'!$F$6:$EO$145,_xludf.XMATCH(R7,'Z8 TARGET ENH'!$B$6:$B$145),_xludf.XMATCH(S7,'Z8 TARGET ENH'!$F$2:$EO$2)))} -> #NAME? | U7: =IF(E7="","",VLOOKUP(H7,'Z8 TARGET ENH'!$FH$7:$FJ$38,2,FALSE)) | V7: =IF(E7="","",VLOOKUP(H7,'Z8 TARGET ENH'!$FH$7:$FJ$38,3,FALSE)) | W7: =IF(E7="","",IF(T7="Not possible",0,IFERROR(L7*N7*P7-L7*F7*G7*U7+L7*F7*G7, "Error"))) | Z7: =IF(E7="",0,1) -> 0
D8: ='A1 Baseline - Terrestrial'!D9 -> 2 | E8: =IF(OR('A1 Baseline - Terrestrial'!E9="",'A1 Baseline - Terrestrial'!O9=0), "",'A1 Baseline - Terrestrial'!E9) | F8: =IF(E8="", "", 'A1 Baseline - Terrestrial'!H9) | G8: =IF(E8="", "", 'A1 Baseline - Terrestrial'!J9) | I8: =IF(E8="","",'A1 Baseline - Terrestrial'!K9) | J8: =IF(OR(E8="",H8=""),"",IF(AND(E8=H8,G8>=P8),"Error - No Enhancement",IF(AND(E8=H8,G8<P8),"Acceptable",IF(F8>N8,"Trading Down - Unacceptable Change",IF(F8=N8,"Error - No Enhancement",'A1 Baseline - Terrestrial'!G9&" - "&IFERROR(VLOOKUP(H8,'Z1 HAB CLASS'!$D$4:$E$45,2,FALSE),"")))))) | K8: =IF(E8="","",IF(AND(E8=H8,G8>=P8),"Error - No Enhancement",IF(AND(E8=H8,G8<P8),'A1 Baseline - Terrestrial'!I9&" - "&'A3 Enhancement - Terrestrial'!O8,IF(F8>N8,"Trading Down - Unacceptable Change",IF(F8=N8,"Error - No Enhancement",IF(AND(E8<>H8,F8<N8),"Lower Distinctiveness Habitat"&" - "&O8,'A1 Baseline - Terrestrial'!I9&" - "&'A3 Enhancement - Terrestrial'!O8)))))) | L8: =IF(E8="","",'A1 Baseline - Terrestrial'!O9) | M8: =IFERROR(VLOOKUP(H8,'Z1 HAB CLASS'!$D$4:$E$45,2,FALSE)," ") | N8: =IFERROR(VLOOKUP(M8,'Z1 HAB CLASS'!$L$3:$N$9,2,FALSE)," ") | P8: =IFERROR(VLOOKUP(O8,'Z3 CONDITION VALUE'!$A$3:$B$5,2,FALSE)," ") | Q8: =IF(OR('A1 Baseline - Terrestrial'!E9="", 'A1 Baseline - Terrestrial'!O9=0), "", 'A1 Baseline - Terrestrial'!I9&"") | R8: =_xludf.TEXTJOIN("/",TRUE,E8,Q8) -> #NAME? | S8: =_xludf.TEXTJOIN("/",TRUE,H8,O8) -> #NAME? | T8: {=IF(OR(R8="",S8=""),"",INDEX('Z8 TARGET ENH'!$F$6:$EO$145,MATCH(R8,'Z8 TARGET ENH'!$B$6:$B$145,0),MATCH(S8,'Z8 TARGET ENH'!$F$2:$EO$2,0)))} -> #NAME? | U8: =IF(E8="","",VLOOKUP(H8,'Z8 TARGET ENH'!$FH$7:$FJ$38,2,FALSE)) | V8: =IF(E8="","",VLOOKUP(H8,'Z8 TARGET ENH'!$FH$7:$FJ$38,3,FALSE)) | W8: =IF(E8="","",IF(T8="Not possible",0,IFERROR(L8*N8*P8-L8*F8*G8*U8+L8*F8*G8, "Error"))) | Z8: =IF(E8="",0,1) -> 0
D9: ='A1 Baseline - Terrestrial'!D10 -> 3 | E9: =IF(OR('A1 Baseline - Terrestrial'!E10="",'A1 Baseline - Terrestrial'!O10=0), "",'A1 Baseline - Terrestrial'!E10) | F9: =IF(E9="", "", 'A1 Baseline - Terrestrial'!H10) | G9: =IF(E9="", "", 'A1 Baseline - Terrestrial'!J10) | I9: =IF(E9="","",'A1 Baseline - Terrestrial'!K10) | J9: =IF(OR(E9="",H9=""),"",IF(AND(E9=H9,G9>=P9),"Error - No Enhancement",IF(AND(E9=H9,G9<P9),"Acceptable",IF(F9>N9,"Trading Down - Unacceptable Change",IF(F9=N9,"Error - No Enhancement",'A1 Baseline - Terrestrial'!G10&" - "&IFERROR(VLOOKUP(H9,'Z1 HAB CLASS'!$D$4:$E$45,2,FALSE),"")))))) | K9: =IF(E9="","",IF(AND(E9=H9,G9>=P9),"Error - No Enhancement",IF(AND(E9=H9,G9<P9),'A1 Baseline - Terrestrial'!I10&" - "&'A3 Enhancement - Terrestrial'!O9,IF(F9>N9,"Trading Down - Unacceptable Change",IF(F9=N9,"Error - No Enhancement",IF(AND(E9<>H9,F9<N9),"Lower Distinctiveness Habitat"&" - "&O9,'A1 Baseline - Terrestrial'!I10&" - "&'A3 Enhancement - Terrestrial'!O9)))))) | L9: =IF(E9="","",'A1 Baseline - Terrestrial'!O10) | M9: =IFERROR(VLOOKUP(H9,'Z1 HAB CLASS'!$D$4:$E$45,2,FALSE)," ") | N9: =IFERROR(VLOOKUP(M9,'Z1 HAB CLASS'!$L$3:$N$9,2,FALSE)," ") | P9: =IFERROR(VLOOKUP(O9,'Z3 CONDITION VALUE'!$A$3:$B$5,2,FALSE)," ") | Q9: =IF(OR('A1 Baseline - Terrestrial'!E10="", 'A1 Baseline - Terrestrial'!O10=0), "", 'A1 Baseline - Terrestrial'!I10&"") | R9: =_xludf.TEXTJOIN("/",TRUE,E9,Q9) -> #NAME? | S9: =_xludf.TEXTJOIN("/",TRUE,H9,O9) -> #NAME? | T9: {=IF(OR(R9="",S9=""),"",INDEX('Z8 TARGET ENH'!$F$6:$EO$145,MATCH(R9,'Z8 TARGET ENH'!$B$6:$B$145,0),MATCH(S9,'Z8 TARGET ENH'!$F$2:$EO$2,0)))} -> #NAME? | U9: =IF(E9="","",VLOOKUP(H9,'Z8 TARGET ENH'!$FH$7:$FJ$38,2,FALSE)) | V9: =IF(E9="","",VLOOKUP(H9,'Z8 TARGET ENH'!$FH$7:$FJ$38,3,FALSE)) | W9: =IF(E9="","",IF(T9="Not possible",0,IFERROR(L9*N9*P9-L9*F9*G9*U9+L9*F9*G9, "Error"))) | Z9: =IF(E9="",0,1) -> 0
D10: ='A1 Baseline - Terrestrial'!D11 -> 4 | E10: =IF(OR('A1 Baseline - Terrestrial'!E11="",'A1 Baseline - Terrestrial'!O11=0), "",'A1 Baseline - Terrestrial'!E11) | F10: =IF(E10="", "", 'A1 Baseline - Terrestrial'!H11) | G10: =IF(E10="", "", 'A1 Baseline - Terrestrial'!J11) | I10: =IF(E10="","",'A1 Baseline - Terrestrial'!K11) | J10: =IF(OR(E10="",H10=""),"",IF(AND(E10=H10,G10>=P10),"Error - No Enhancement",IF(AND(E10=H10,G10<P10),"Acceptable",IF(F10>N10,"Trading Down - Unacceptable Change",IF(F10=N10,"Error - No Enhancement",'A1 Baseline - Terrestrial'!G11&" - "&IFERROR(VLOOKUP(H10,'Z1 HAB CLASS'!$D$4:$E$45,2,FALSE),"")))))) | K10: =IF(E10="","",IF(AND(E10=H10,G10>=P10),"Error - No Enhancement",IF(AND(E10=H10,G10<P10),'A1 Baseline - Terrestrial'!I11&" - "&'A3 Enhancement - Terrestrial'!O10,IF(F10>N10,"Trading Down - Unacceptable Change",IF(F10=N10,"Error - No Enhancement",IF(AND(E10<>H10,F10<N10),"Lower Distinctiveness Habitat"&" - "&O10,'A1 Baseline - Terrestrial'!I11&" - "&'A3 Enhancement - Terrestrial'!O10)))))) | L10: =IF(E10="","",'A1 Baseline - Terrestrial'!O11) | M10: =IFERROR(VLOOKUP(H10,'Z1 HAB CLASS'!$D$4:$E$45,2,FALSE)," ") | N10: =IFERROR(VLOOKUP(M10,'Z1 HAB CLASS'!$L$3:$N$9,2,FALSE)," ") | P10: =IFERROR(VLOOKUP(O10,'Z3 CONDITION VALUE'!$A$3:$B$5,2,FALSE)," ") | Q10: =IF(OR('A1 Baseline - Terrestrial'!E11="", 'A1 Baseline - Terrestrial'!O11=0), "", 'A1 Baseline - Terrestrial'!I11&"") | R10: =_xludf.TEXTJOIN("/",TRUE,E10,Q10) -> #NAME? | S10: =_xludf.TEXTJOIN("/",TRUE,H10,O10) -> #NAME? | T10: {=IF(OR(R10="",S10=""),"",INDEX('Z8 TARGET ENH'!$F$6:$EO$145,MATCH(R10,'Z8 TARGET ENH'!$B$6:$B$145,0),MATCH(S10,'Z8 TARGET ENH'!$F$2:$EO$2,0)))} -> #NAME? | U10: =IF(E10="","",VLOOKUP(H10,'Z8 TARGET ENH'!$FH$7:$FJ$38,2,FALSE)) | V10: =IF(E10="","",VLOOKUP(H10,'Z8 TARGET ENH'!$FH$7:$FJ$38,3,FALSE)) | W10: =IF(E10="","",IF(T10="Not possible",0,IFERROR(L10*N10*P10-L10*F10*G10*U10+L10*F10*G10, "Error"))) | Z10: =IF(E10="",0,1) -> 0
D11: ='A1 Baseline - Terrestrial'!D12 -> 5 | E11: =IF(OR('A1 Baseline - Terrestrial'!E12="",'A1 Baseline - Terrestrial'!O12=0), "",'A1 Baseline - Terrestrial'!E12) | F11: =IF(E11="", "", 'A1 Baseline - Terrestrial'!H12) | G11: =IF(E11="", "", 'A1 Baseline - Terrestrial'!J12) | I11: =IF(E11="","",'A1 Baseline - Terrestrial'!K12) | J11: =IF(OR(E11="",H11=""),"",IF(AND(E11=H11,G11>=P11),"Error - No Enhancement",IF(AND(E11=H11,G11<P11),"Acceptable",IF(F11>N11,"Trading Down - Unacceptable Change",IF(F11=N11,"Error - No Enhancement",'A1 Baseline - Terrestrial'!G12&" - "&IFERROR(VLOOKUP(H11,'Z1 HAB CLASS'!$D$4:$E$45,2,FALSE),"")))))) | K11: =IF(E11="","",IF(AND(E11=H11,G11>=P11),"Error - No Enhancement",IF(AND(E11=H11,G11<P11),'A1 Baseline - Terrestrial'!I12&" - "&'A3 Enhancement - Terrestrial'!O11,IF(F11>N11,"Trading Down - Unacceptable Change",IF(F11=N11,"Error - No Enhancement",IF(AND(E11<>H11,F11<N11),"Lower Distinctiveness Habitat"&" - "&O11,'A1 Baseline - Terrestrial'!I12&" - "&'A3 Enhancement - Terrestrial'!O11)))))) | L11: =IF(E11="","",'A1 Baseline - Terrestrial'!O12) | M11: =IFERROR(VLOOKUP(H11,'Z1 HAB CLASS'!$D$4:$E$45,2,FALSE)," ") | N11: =IFERROR(VLOOKUP(M11,'Z1 HAB CLASS'!$L$3:$N$9,2,FALSE)," ") | P11: =IFERROR(VLOOKUP(O11,'Z3 CONDITION VALUE'!$A$3:$B$5,2,FALSE)," ") | Q11: =IF(OR('A1 Baseline - Terrestrial'!E12="", 'A1 Baseline - Terrestrial'!O12=0), "", 'A1 Baseline - Terrestrial'!I12&"") | R11: =_xludf.TEXTJOIN("/",TRUE,E11,Q11) -> #NAME? | S11: =_xludf.TEXTJOIN("/",TRUE,H11,O11) -> #NAME? | T11: {=IF(OR(R11="",S11=""),"",INDEX('Z8 TARGET ENH'!$F$6:$EO$145,MATCH(R11,'Z8 TARGET ENH'!$B$6:$B$145,0),MATCH(S11,'Z8 TARGET ENH'!$F$2:$EO$2,0)))} -> #NAME? | U11: =IF(E11="","",VLOOKUP(H11,'Z8 TARGET ENH'!$FH$7:$FJ$38,2,FALSE)) | V11: =IF(E11="","",VLOOKUP(H11,'Z8 TARGET ENH'!$FH$7:$FJ$38,3,FALSE)) | W11: =IF(E11="","",IF(T11="Not possible",0,IFERROR(L11*N11*P11-L11*F11*G11*U11+L11*F11*G11, "Error"))) | Z11: =IF(E11="",0,1) -> 0
D12: ='A1 Baseline - Terrestrial'!D13 -> 6 | E12: =IF(OR('A1 Baseline - Terrestrial'!E13="",'A1 Baseline - Terrestrial'!O13=0), "",'A1 Baseline - Terrestrial'!E13) | F12: =IF(E12="", "", 'A1 Baseline - Terrestrial'!H13) | G12: =IF(E12="", "", 'A1 Baseline - Terrestrial'!J13) | I12: =IF(E12="","",'A1 Baseline - Terrestrial'!K13) | J12: =IF(OR(E12="",H12=""),"",IF(AND(E12=H12,G12>=P12),"Error - No Enhancement",IF(AND(E12=H12,G12<P12),"Acceptable",IF(F12>N12,"Trading Down - Unacceptable Change",IF(F12=N12,"Error - No Enhancement",'A1 Baseline - Terrestrial'!G13&" - "&IFERROR(VLOOKUP(H12,'Z1 HAB CLASS'!$D$4:$E$45,2,FALSE),"")))))) | K12: =IF(E12="","",IF(AND(E12=H12,G12>=P12),"Error - No Enhancement",IF(AND(E12=H12,G12<P12),'A1 Baseline - Terrestrial'!I13&" - "&'A3 Enhancement - Terrestrial'!O12,IF(F12>N12,"Trading Down - Unacceptable Change",IF(F12=N12,"Error - No Enhancement",IF(AND(E12<>H12,F12<N12),"Lower Distinctiveness Habitat"&" - "&O12,'A1 Baseline - Terrestrial'!I13&" - "&'A3 Enhancement - Terrestrial'!O12)))))) | L12: =IF(E12="","",'A1 Baseline - Terrestrial'!O13) | M12: =IFERROR(VLOOKUP(H12,'Z1 HAB CLASS'!$D$4:$E$45,2,FALSE)," ") | N12: =IFERROR(VLOOKUP(M12,'Z1 HAB CLASS'!$L$3:$N$9,2,FALSE)," ") | P12: =IFERROR(VLOOKUP(O12,'Z3 CONDITION VALUE'!$A$3:$B$5,2,FALSE)," ") | Q12: =IF(OR('A1 Baseline - Terrestrial'!E13="", 'A1 Baseline - Terrestrial'!O13=0), "", 'A1 Baseline - Terrestrial'!I13&"") | R12: =_xludf.TEXTJOIN("/",TRUE,E12,Q12) -> #NAME? | S12: =_xludf.TEXTJOIN("/",TRUE,H12,O12) -> #NAME? | T12: {=IF(OR(R12="",S12=""),"",INDEX('Z8 TARGET ENH'!$F$6:$EO$145,MATCH(R12,'Z8 TARGET ENH'!$B$6:$B$145,0),MATCH(S12,'Z8 TARGET ENH'!$F$2:$EO$2,0)))} -> #NAME? | U12: =IF(E12="","",VLOOKUP(H12,'Z8 TARGET ENH'!$FH$7:$FJ$38,2,FALSE)) | V12: =IF(E12="","",VLOOKUP(H12,'Z8 TARGET ENH'!$FH$7:$FJ$38,3,FALSE)) | W12: =IF(E12="","",IF(T12="Not possible",0,IFERROR(L12*N12*P12-L12*F12*G12*U12+L12*F12*G12, "Error"))) | Z12: =IF(E12="",0,1) -> 0
D13: ='A1 Baseline - Terrestrial'!D14 -> 7 | E13: =IF(OR('A1 Baseline - Terrestrial'!E14="",'A1 Baseline - Terrestrial'!O14=0), "",'A1 Baseline - Terrestrial'!E14) | F13: =IF(E13="", "", 'A1 Baseline - Terrestrial'!H14) | G13: =IF(E13="", "", 'A1 Baseline - Terrestrial'!J14) | I13: =IF(E13="","",'A1 Baseline - Terrestrial'!K14) | J13: =IF(OR(E13="",H13=""),"",IF(AND(E13=H13,G13>=P13),"Error - No Enhancement",IF(AND(E13=H13,G13<P13),"Acceptable",IF(F13>N13,"Trading Down - Unacceptable Change",IF(F13=N13,"Error - No Enhancement",'A1 Baseline - Terrestrial'!G14&" - "&IFERROR(VLOOKUP(H13,'Z1 HAB CLASS'!$D$4:$E$45,2,FALSE),"")))))) | K13: =IF(E13="","",IF(AND(E13=H13,G13>=P13),"Error - No Enhancement",IF(AND(E13=H13,G13<P13),'A1 Baseline - Terrestrial'!I14&" - "&'A3 Enhancement - Terrestrial'!O13,IF(F13>N13,"Trading Down - Unacceptable Change",IF(F13=N13,"Error - No Enhancement",IF(AND(E13<>H13,F13<N13),"Lower Distinctiveness Habitat"&" - "&O13,'A1 Baseline - Terrestrial'!I14&" - "&'A3 Enhancement - Terrestrial'!O13)))))) | L13: =IF(E13="","",'A1 Baseline - Terrestrial'!O14) | M13: =IFERROR(VLOOKUP(H13,'Z1 HAB CLASS'!$D$4:$E$45,2,FALSE)," ") | N13: =IFERROR(VLOOKUP(M13,'Z1 HAB CLASS'!$L$3:$N$9,2,FALSE)," ") | P13: =IFERROR(VLOOKUP(O13,'Z3 CONDITION VALUE'!$A$3:$B$5,2,FALSE)," ") | Q13: =IF(OR('A1 Baseline - Terrestrial'!E14="", 'A1 Baseline - Terrestrial'!O14=0), "", 'A1 Baseline - Terrestrial'!I14&"") | R13: =_xludf.TEXTJOIN("/",TRUE,E13,Q13) -> #NAME? | S13: =_xludf.TEXTJOIN("/",TRUE,H13,O13) -> #NAME? | T13: {=IF(OR(R13="",S13=""),"",INDEX('Z8 TARGET ENH'!$F$6:$EO$145,MATCH(R13,'Z8 TARGET ENH'!$B$6:$B$145,0),MATCH(S13,'Z8 TARGET ENH'!$F$2:$EO$2,0)))} -> #NAME? | U13: =IF(E13="","",VLOOKUP($H$8,'Z8 TARGET ENH'!$FH$7:$FJ$38,2,FALSE)) | V13: =IF(E13="","",VLOOKUP(H13,'Z8 TARGET ENH'!$FH$7:$FJ$38,3,FALSE)) | W13: =IF(E13="","",IF(T13="Not possible",0,IFERROR(L13*N13*P13-L13*F13*G13*U13+L13*F13*G13, "Error"))) | Z13: =IF(E13="",0,1) -> 0
D14: ='A1 Baseline - Terrestrial'!D15 -> 8 | E14: =IF(OR('A1 Baseline - Terrestrial'!E15="",'A1 Baseline - Terrestrial'!O15=0), "",'A1 Baseline - Terrestrial'!E15) | F14: =IF(E14="", "", 'A1 Baseline - Terrestrial'!H15) | G14: =IF(E14="", "", 'A1 Baseline - Terrestrial'!J15) | I14: =IF(E14="","",'A1 Baseline - Terrestrial'!K15) | J14: =IF(OR(E14="",H14=""),"",IF(AND(E14=H14,G14>=P14),"Error - No Enhancement",IF(AND(E14=H14,G14<P14),"Acceptable",IF(F14>N14,"Trading Down - Unacceptable Change",IF(F14=N14,"Error - No Enhancement",'A1 Baseline - Terrestrial'!G15&" - "&IFERROR(VLOOKUP(H14,'Z1 HAB CLASS'!$D$4:$E$45,2,FALSE),"")))))) | K14: =IF(E14="","",IF(AND(E14=H14,G14>=P14),"Error - No Enhancement",IF(AND(E14=H14,G14<P14),'A1 Baseline - Terrestrial'!I15&" - "&'A3 Enhancement - Terrestrial'!O14,IF(F14>N14,"Trading Down - Unacceptable Change",IF(F14=N14,"Error - No Enhancement",IF(AND(E14<>H14,F14<N14),"Lower Distinctiveness Habitat"&" - "&O14,'A1 Baseline - Terrestrial'!I15&" - "&'A3 Enhancement - Terrestrial'!O14)))))) | L14: =IF(E14="","",'A1 Baseline - Terrestrial'!O15) | M14: =IFERROR(VLOOKUP(H14,'Z1 HAB CLASS'!$D$4:$E$45,2,FALSE)," ") | N14: =IFERROR(VLOOKUP(M14,'Z1 HAB CLASS'!$L$3:$N$9,2,FALSE)," ") | P14: =IFERROR(VLOOKUP(O14,'Z3 CONDITION VALUE'!$A$3:$B$5,2,FALSE)," ") | Q14: =IF(OR('A1 Baseline - Terrestrial'!E15="", 'A1 Baseline - Terrestrial'!O15=0), "", 'A1 Baseline - Terrestrial'!I15&"") | R14: =_xludf.TEXTJOIN("/",TRUE,E14,Q14) -> #NAME? | S14: =_xludf.TEXTJOIN("/",TRUE,H14,O14) -> #NAME? | T14: {=IF(OR(R14="",S14=""),"",INDEX('Z8 TARGET ENH'!$F$6:$EO$145,MATCH(R14,'Z8 TARGET ENH'!$B$6:$B$145,0),MATCH(S14,'Z8 TARGET ENH'!$F$2:$EO$2,0)))} -> #NAME? | U14: =IF(E14="","",VLOOKUP($H$8,'Z8 TARGET ENH'!$FH$7:$FJ$38,2,FALSE)) | V14: =IF(E14="","",VLOOKUP(H14,'Z8 TARGET ENH'!$FH$7:$FJ$38,3,FALSE)) | W14: =IF(E14="","",IF(T14="Not possible",0,IFERROR(L14*N14*P14-L14*F14*G14*U14+L14*F14*G14, "Error"))) | Z14: =IF(E14="",0,1) -> 0
D15: ='A1 Baseline - Terrestrial'!D16 -> 9 | E15: =IF(OR('A1 Baseline - Terrestrial'!E16="",'A1 Baseline - Terrestrial'!O16=0), "",'A1 Baseline - Terrestrial'!E16) | F15: =IF(E15="", "", 'A1 Baseline - Terrestrial'!H16) | G15: =IF(E15="", "", 'A1 Baseline - Terrestrial'!J16) | I15: =IF(E15="","",'A1 Baseline - Terrestrial'!K16) | J15: =IF(OR(E15="",H15=""),"",IF(AND(E15=H15,G15>=P15),"Error - No Enhancement",IF(AND(E15=H15,G15<P15),"Acceptable",IF(F15>N15,"Trading Down - Unacceptable Change",IF(F15=N15,"Error - No Enhancement",'A1 Baseline - Terrestrial'!G16&" - "&IFERROR(VLOOKUP(H15,'Z1 HAB CLASS'!$D$4:$E$45,2,FALSE),"")))))) | K15: =IF(E15="","",IF(AND(E15=H15,G15>=P15),"Error - No Enhancement",IF(AND(E15=H15,G15<P15),'A1 Baseline - Terrestrial'!I16&" - "&'A3 Enhancement - Terrestrial'!O15,IF(F15>N15,"Trading Down - Unacceptable Change",IF(F15=N15,"Error - No Enhancement",IF(AND(E15<>H15,F15<N15),"Lower Distinctiveness Habitat"&" - "&O15,'A1 Baseline - Terrestrial'!I16&" - "&'A3 Enhancement - Terrestrial'!O15)))))) | L15: =IF(E15="","",'A1 Baseline - Terrestrial'!O16) | M15: =IFERROR(VLOOKUP(H15,'Z1 HAB CLASS'!$D$4:$E$45,2,FALSE)," ") | N15: =IFERROR(VLOOKUP(M15,'Z1 HAB CLASS'!$L$3:$N$9,2,FALSE)," ") | P15: =IFERROR(VLOOKUP(O15,'Z3 CONDITION VALUE'!$A$3:$B$5,2,FALSE)," ") | Q15: =IF(OR('A1 Baseline - Terrestrial'!E16="", 'A1 Baseline - Terrestrial'!O16=0), "", 'A1 Baseline - Terrestrial'!I16&"") | R15: =_xludf.TEXTJOIN("/",TRUE,E15,Q15) -> #NAME? | S15: =_xludf.TEXTJOIN("/",TRUE,H15,O15) -> #NAME? | T15: {=IF(OR(R15="",S15=""),"",INDEX('Z8 TARGET ENH'!$F$6:$EO$145,MATCH(R15,'Z8 TARGET ENH'!$B$6:$B$145,0),MATCH(S15,'Z8 TARGET ENH'!$F$2:$EO$2,0)))} -> #NAME? | U15: =IF(E15="","",VLOOKUP($H$8,'Z8 TARGET ENH'!$FH$7:$FJ$38,2,FALSE)) | V15: =IF(E15="","",VLOOKUP(H15,'Z8 TARGET ENH'!$FH$7:$FJ$38,3,FALSE)) | W15: =IF(E15="","",IF(T15="Not possible",0,IFERROR(L15*N15*P15-L15*F15*G15*U15+L15*F15*G15, "Error"))) | Z15: =IF(E15="",0,1) -> 0
D16: ='A1 Baseline - Terrestrial'!D17 -> 10 | E16: =IF(OR('A1 Baseline - Terrestrial'!E17="",'A1 Baseline - Terrestrial'!O17=0), "",'A1 Baseline - Terrestrial'!E17) | F16: =IF(E16="", "", 'A1 Baseline - Terrestrial'!H17) | G16: =IF(E16="", "", 'A1 Baseline - Terrestrial'!J17) | I16: =IF(E16="","",'A1 Baseline - Terrestrial'!K17) | J16: =IF(OR(E16="",H16=""),"",IF(AND(E16=H16,G16>=P16),"Error - No Enhancement",IF(AND(E16=H16,G16<P16),"Acceptable",IF(F16>N16,"Trading Down - Unacceptable Change",IF(F16=N16,"Error - No Enhancement",'A1 Baseline - Terrestrial'!G17&" - "&IFERROR(VLOOKUP(H16,'Z1 HAB CLASS'!$D$4:$E$45,2,FALSE),"")))))) | K16: =IF(E16="","",IF(AND(E16=H16,G16>=P16),"Error - No Enhancement",IF(AND(E16=H16,G16<P16),'A1 Baseline - Terrestrial'!I17&" - "&'A3 Enhancement - Terrestrial'!O16,IF(F16>N16,"Trading Down - Unacceptable Change",IF(F16=N16,"Error - No Enhancement",IF(AND(E16<>H16,F16<N16),"Lower Distinctiveness Habitat"&" - "&O16,'A1 Baseline - Terrestrial'!I17&" - "&'A3 Enhancement - Terrestrial'!O16)))))) | L16: =IF(E16="","",'A1 Baseline - Terrestrial'!O17) | M16: =IFERROR(VLOOKUP(H16,'Z1 HAB CLASS'!$D$4:$E$45,2,FALSE)," ") | N16: =IFERROR(VLOOKUP(M16,'Z1 HAB CLASS'!$L$3:$N$9,2,FALSE)," ") | P16: =IFERROR(VLOOKUP(O16,'Z3 CONDITION VALUE'!$A$3:$B$5,2,FALSE)," ") | Q16: =IF(OR('A1 Baseline - Terrestrial'!E17="", 'A1 Baseline - Terrestrial'!O17=0), "", 'A1 Baseline - Terrestrial'!I17&"") | R16: =_xludf.TEXTJOIN("/",TRUE,E16,Q16) -> #NAME? | S16: =_xludf.TEXTJOIN("/",TRUE,H16,O16) -> #NAME? | T16: {=IF(OR(R16="",S16=""),"",INDEX('Z8 TARGET ENH'!$F$6:$EO$145,MATCH(R16,'Z8 TARGET ENH'!$B$6:$B$145,0),MATCH(S16,'Z8 TARGET ENH'!$F$2:$EO$2,0)))} -> #NAME? | U16: =IF(E16="","",VLOOKUP($H$8,'Z8 TARGET ENH'!$FH$7:$FJ$38,2,FALSE)) | V16: =IF(E16="","",VLOOKUP(H16,'Z8 TARGET ENH'!$FH$7:$FJ$38,3,FALSE)) | W16: =IF(E16="","",IF(T16="Not possible",0,IFERROR(L16*N16*P16-L16*F16*G16*U16+L16*F16*G16, "Error"))) | Z16: =IF(E16="",0,1) -> 0
D17: ='A1 Baseline - Terrestrial'!D18 -> 11 | E17: =IF(OR('A1 Baseline - Terrestrial'!E18="",'A1 Baseline - Terrestrial'!O18=0), "",'A1 Baseline - Terrestrial'!E18) | F17: =IF(E17="", "", 'A1 Baseline - Terrestrial'!H18) | G17: =IF(E17="", "", 'A1 Baseline - Terrestrial'!J18) | I17: =IF(E17="","",'A1 Baseline - Terrestrial'!K18) | J17: =IF(OR(E17="",H17=""),"",IF(AND(E17=H17,G17>=P17),"Error - No Enhancement",IF(AND(E17=H17,G17<P17),"Acceptable",IF(F17>N17,"Trading Down - Unacceptable Change",IF(F17=N17,"Error - No Enhancement",'A1 Baseline - Terrestrial'!G18&" - "&IFERROR(VLOOKUP(H17,'Z1 HAB CLASS'!$D$4:$E$45,2,FALSE),"")))))) | K17: =IF(E17="","",IF(AND(E17=H17,G17>=P17),"Error - No Enhancement",IF(AND(E17=H17,G17<P17),'A1 Baseline - Terrestrial'!I18&" - "&'A3 Enhancement - Terrestrial'!O17,IF(F17>N17,"Trading Down - Unacceptable Change",IF(F17=N17,"Error - No Enhancement",IF(AND(E17<>H17,F17<N17),"Lower Distinctiveness Habitat"&" - "&O17,'A1 Baseline - Terrestrial'!I18&" - "&'A3 Enhancement - Terrestrial'!O17)))))) | L17: =IF(E17="","",'A1 Baseline - Terrestrial'!O18) | M17: =IFERROR(VLOOKUP(H17,'Z1 HAB CLASS'!$D$4:$E$45,2,FALSE)," ") | N17: =IFERROR(VLOOKUP(M17,'Z1 HAB CLASS'!$L$3:$N$9,2,FALSE)," ") | P17: =IFERROR(VLOOKUP(O17,'Z3 CONDITION VALUE'!$A$3:$B$5,2,FALSE)," ") | Q17: =IF(OR('A1 Baseline - Terrestrial'!E18="", 'A1 Baseline - Terrestrial'!O18=0), "", 'A1 Baseline - Terrestrial'!I18&"") | R17: =_xludf.TEXTJOIN("/",TRUE,E17,Q17) -> #NAME? | S17: =_xludf.TEXTJOIN("/",TRUE,H17,O17) -> #NAME? | T17: {=IF(OR(R17="",S17=""),"",INDEX('Z8 TARGET ENH'!$F$6:$EO$145,MATCH(R17,'Z8 TARGET ENH'!$B$6:$B$145,0),MATCH(S17,'Z8 TARGET ENH'!$F$2:$EO$2,0)))} -> #NAME? | U17: =IF(E17="","",VLOOKUP($H$8,'Z8 TARGET ENH'!$FH$7:$FJ$38,2,FALSE)) | V17: =IF(E17="","",VLOOKUP(H17,'Z8 TARGET ENH'!$FH$7:$FJ$38,3,FALSE)) | W17: =IF(E17="","",IF(T17="Not possible",0,IFERROR(L17*N17*P17-L17*F17*G17*U17+L17*F17*G17, "Error"))) | Z17: =IF(E17="",0,1) -> 0
D18: ='A1 Baseline - Terrestrial'!D19 -> 12 | E18: =IF(OR('A1 Baseline - Terrestrial'!E19="",'A1 Baseline - Terrestrial'!O19=0), "",'A1 Baseline - Terrestrial'!E19) | F18: =IF(E18="", "", 'A1 Baseline - Terrestrial'!H19) | G18: =IF(E18="", "", 'A1 Baseline - Terrestrial'!J19) | I18: =IF(E18="","",'A1 Baseline - Terrestrial'!K19) | J18: =IF(OR(E18="",H18=""),"",IF(AND(E18=H18,G18>=P18),"Error - No Enhancement",IF(AND(E18=H18,G18<P18),"Acceptable",IF(F18>N18,"Trading Down - Unacceptable Change",IF(F18=N18,"Error - No Enhancement",'A1 Baseline - Terrestrial'!G19&" - "&IFERROR(VLOOKUP(H18,'Z1 HAB CLASS'!$D$4:$E$45,2,FALSE),"")))))) | K18: =IF(E18="","",IF(AND(E18=H18,G18>=P18),"Error - No Enhancement",IF(AND(E18=H18,G18<P18),'A1 Baseline - Terrestrial'!I19&" - "&'A3 Enhancement - Terrestrial'!O18,IF(F18>N18,"Trading Down - Unacceptable Change",IF(F18=N18,"Error - No Enhancement",IF(AND(E18<>H18,F18<N18),"Lower Distinctiveness Habitat"&" - "&O18,'A1 Baseline - Terrestrial'!I19&" - "&'A3 Enhancement - Terrestrial'!O18)))))) | L18: =IF(E18="","",'A1 Baseline - Terrestrial'!O19) | M18: =IFERROR(VLOOKUP(H18,'Z1 HAB CLASS'!$D$4:$E$45,2,FALSE)," ") | N18: =IFERROR(VLOOKUP(M18,'Z1 HAB CLASS'!$L$3:$N$9,2,FALSE)," ") | P18: =IFERROR(VLOOKUP(O18,'Z3 CONDITION VALUE'!$A$3:$B$5,2,FALSE)," ") | Q18: =IF(OR('A1 Baseline - Terrestrial'!E19="", 'A1 Baseline - Terrestrial'!O19=0), "", 'A1 Baseline - Terrestrial'!I19&"") | R18: =_xludf.TEXTJOIN("/",TRUE,E18,Q18) -> #NAME? | S18: =_xludf.TEXTJOIN("/",TRUE,H18,O18) -> #NAME? | T18: {=IF(OR(R18="",S18=""),"",INDEX('Z8 TARGET ENH'!$F$6:$EO$145,MATCH(R18,'Z8 TARGET ENH'!$B$6:$B$145,0),MATCH(S18,'Z8 TARGET ENH'!$F$2:$EO$2,0)))} -> #NAME? | U18: =IF(E18="","",VLOOKUP($H$8,'Z8 TARGET ENH'!$FH$7:$FJ$38,2,FALSE)) | V18: =IF(E18="","",VLOOKUP(H18,'Z8 TARGET ENH'!$FH$7:$FJ$38,3,FALSE)) | W18: =IF(E18="","",IF(T18="Not possible",0,IFERROR(L18*N18*P18-L18*F18*G18*U18+L18*F18*G18, "Error"))) | Z18: =IF(E18="",0,1) -> 0
D19: ='A1 Baseline - Terrestrial'!D20 -> 13 | E19: =IF(OR('A1 Baseline - Terrestrial'!E20="",'A1 Baseline - Terrestrial'!O20=0), "",'A1 Baseline - Terrestrial'!E20) | F19: =IF(E19="", "", 'A1 Baseline - Terrestrial'!H20) | G19: =IF(E19="", "", 'A1 Baseline - Terrestrial'!J20) | I19: =IF(E19="","",'A1 Baseline - Terrestrial'!K20) | J19: =IF(OR(E19="",H19=""),"",IF(AND(E19=H19,G19>=P19),"Error - No Enhancement",IF(AND(E19=H19,G19<P19),"Acceptable",IF(F19>N19,"Trading Down - Unacceptable Change",IF(F19=N19,"Error - No Enhancement",'A1 Baseline - Terrestrial'!G20&" - "&IFERROR(VLOOKUP(H19,'Z1 HAB CLASS'!$D$4:$E$45,2,FALSE),"")))))) | K19: =IF(E19="","",IF(AND(E19=H19,G19>=P19),"Error - No Enhancement",IF(AND(E19=H19,G19<P19),'A1 Baseline - Terrestrial'!I20&" - "&'A3 Enhancement - Terrestrial'!O19,IF(F19>N19,"Trading Down - Unacceptable Change",IF(F19=N19,"Error - No Enhancement",IF(AND(E19<>H19,F19<N19),"Lower Distinctiveness Habitat"&" - "&O19,'A1 Baseline - Terrestrial'!I20&" - "&'A3 Enhancement - Terrestrial'!O19)))))) | L19: =IF(E19="","",'A1 Baseline - Terrestrial'!O20) | M19: =IFERROR(VLOOKUP(H19,'Z1 HAB CLASS'!$D$4:$E$45,2,FALSE)," ") | N19: =IFERROR(VLOOKUP(M19,'Z1 HAB CLASS'!$L$3:$N$9,2,FALSE)," ") | P19: =IFERROR(VLOOKUP(O19,'Z3 CONDITION VALUE'!$A$3:$B$5,2,FALSE)," ") | Q19: =IF(OR('A1 Baseline - Terrestrial'!E20="", 'A1 Baseline - Terrestrial'!O20=0), "", 'A1 Baseline - Terrestrial'!I20&"") | R19: =_xludf.TEXTJOIN("/",TRUE,E19,Q19) -> #NAME? | S19: =_xludf.TEXTJOIN("/",TRUE,H19,O19) -> #NAME? | T19: {=IF(OR(R19="",S19=""),"",INDEX('Z8 TARGET ENH'!$F$6:$EO$145,MATCH(R19,'Z8 TARGET ENH'!$B$6:$B$145,0),MATCH(S19,'Z8 TARGET ENH'!$F$2:$EO$2,0)))} -> #NAME? | U19: =IF(E19="","",VLOOKUP($H$8,'Z8 TARGET ENH'!$FH$7:$FJ$38,2,FALSE)) | V19: =IF(E19="","",VLOOKUP(H19,'Z8 TARGET ENH'!$FH$7:$FJ$38,3,FALSE)) | W19: =IF(E19="","",IF(T19="Not possible",0,IFERROR(L19*N19*P19-L19*F19*G19*U19+L19*F19*G19, "Error"))) | Z19: =IF(E19="",0,1) -> 0
D20: ='A1 Baseline - Terrestrial'!D21 -> 14 | E20: =IF(OR('A1 Baseline - Terrestrial'!E21="",'A1 Baseline - Terrestrial'!O21=0), "",'A1 Baseline - Terrestrial'!E21) | F20: =IF(E20="", "", 'A1 Baseline - Terrestrial'!H21) | G20: =IF(E20="", "", 'A1 Baseline - Terrestrial'!J21) | I20: =IF(E20="","",'A1 Baseline - Terrestrial'!K21) | J20: =IF(OR(E20="",H20=""),"",IF(AND(E20=H20,G20>=P20),"Error - No Enhancement",IF(AND(E20=H20,G20<P20),"Acceptable",IF(F20>N20,"Trading Down - Unacceptable Change",IF(F20=N20,"Error - No Enhancement",'A1 Baseline - Terrestrial'!G21&" - "&IFERROR(VLOOKUP(H20,'Z1 HAB CLASS'!$D$4:$E$45,2,FALSE),"")))))) | K20: =IF(E20="","",IF(AND(E20=H20,G20>=P20),"Error - No Enhancement",IF(AND(E20=H20,G20<P20),'A1 Baseline - Terrestrial'!I21&" - "&'A3 Enhancement - Terrestrial'!O20,IF(F20>N20,"Trading Down - Unacceptable Change",IF(F20=N20,"Error - No Enhancement",IF(AND(E20<>H20,F20<N20),"Lower Distinctiveness Habitat"&" - "&O20,'A1 Baseline - Terrestrial'!I21&" - "&'A3 Enhancement - Terrestrial'!O20)))))) | L20: =IF(E20="","",'A1 Baseline - Terrestrial'!O21) | M20: =IFERROR(VLOOKUP(H20,'Z1 HAB CLASS'!$D$4:$E$45,2,FALSE)," ") | N20: =IFERROR(VLOOKUP(M20,'Z1 HAB CLASS'!$L$3:$N$9,2,FALSE)," ") | P20: =IFERROR(VLOOKUP(O20,'Z3 CONDITION VALUE'!$A$3:$B$5,2,FALSE)," ") | Q20: =IF(OR('A1 Baseline - Terrestrial'!E21="", 'A1 Baseline - Terrestrial'!O21=0), "", 'A1 Baseline - Terrestrial'!I21&"") | R20: =_xludf.TEXTJOIN("/",TRUE,E20,Q20) -> #NAME? | S20: =_xludf.TEXTJOIN("/",TRUE,H20,O20) -> #NAME? | T20: {=IF(OR(R20="",S20=""),"",INDEX('Z8 TARGET ENH'!$F$6:$EO$145,MATCH(R20,'Z8 TARGET ENH'!$B$6:$B$145,0),MATCH(S20,'Z8 TARGET ENH'!$F$2:$EO$2,0)))} -> #NAME? | U20: =IF(E20="","",VLOOKUP($H$8,'Z8 TARGET ENH'!$FH$7:$FJ$38,2,FALSE)) | V20: =IF(E20="","",VLOOKUP(H20,'Z8 TARGET ENH'!$FH$7:$FJ$38,3,FALSE)) | W20: =IF(E20="","",IF(T20="Not possible",0,IFERROR(L20*N20*P20-L20*F20*G20*U20+L20*F20*G20, "Error"))) | Z20: =IF(E20="",0,1) -> 0
D21: ='A1 Baseline - Terrestrial'!D22 -> 15 | E21: =IF(OR('A1 Baseline - Terrestrial'!E22="",'A1 Baseline - Terrestrial'!O22=0), "",'A1 Baseline - Terrestrial'!E22) | F21: =IF(E21="", "", 'A1 Baseline - Terrestrial'!H22) | G21: =IF(E21="", "", 'A1 Baseline - Terrestrial'!J22) | I21: =IF(E21="","",'A1 Baseline - Terrestrial'!K22) | J21: =IF(OR(E21="",H21=""),"",IF(AND(E21=H21,G21>=P21),"Error - No Enhancement",IF(AND(E21=H21,G21<P21),"Acceptable",IF(F21>N21,"Trading Down - Unacceptable Change",IF(F21=N21,"Error - No Enhancement",'A1 Baseline - Terrestrial'!G22&" - "&IFERROR(VLOOKUP(H21,'Z1 HAB CLASS'!$D$4:$E$45,2,FALSE),"")))))) | K21: =IF(E21="","",IF(AND(E21=H21,G21>=P21),"Error - No Enhancement",IF(AND(E21=H21,G21<P21),'A1 Baseline - Terrestrial'!I22&" - "&'A3 Enhancement - Terrestrial'!O21,IF(F21>N21,"Trading Down - Unacceptable Change",IF(F21=N21,"Error - No Enhancement",IF(AND(E21<>H21,F21<N21),"Lower Distinctiveness Habitat"&" - "&O21,'A1 Baseline - Terrestrial'!I22&" - "&'A3 Enhancement - Terrestrial'!O21)))))) | L21: =IF(E21="","",'A1 Baseline - Terrestrial'!O22) | M21: =IFERROR(VLOOKUP(H21,'Z1 HAB CLASS'!$D$4:$E$45,2,FALSE)," ") | N21: =IFERROR(VLOOKUP(M21,'Z1 HAB CLASS'!$L$3:$N$9,2,FALSE)," ") | P21: =IFERROR(VLOOKUP(O21,'Z3 CONDITION VALUE'!$A$3:$B$5,2,FALSE)," ") | Q21: =IF(OR('A1 Baseline - Terrestrial'!E22="", 'A1 Baseline - Terrestrial'!O22=0), "", 'A1 Baseline - Terrestrial'!I22&"") | R21: =_xludf.TEXTJOIN("/",TRUE,E21,Q21) -> #NAME? | S21: =_xludf.TEXTJOIN("/",TRUE,H21,O21) -> #NAME? | T21: {=IF(OR(R21="",S21=""),"",INDEX('Z8 TARGET ENH'!$F$6:$EO$145,MATCH(R21,'Z8 TARGET ENH'!$B$6:$B$145,0),MATCH(S21,'Z8 TARGET ENH'!$F$2:$EO$2,0)))} -> #NAME? | U21: =IF(E21="","",VLOOKUP($H$8,'Z8 TARGET ENH'!$FH$7:$FJ$38,2,FALSE)) | V21: =IF(E21="","",VLOOKUP(H21,'Z8 TARGET ENH'!$FH$7:$FJ$38,3,FALSE)) | W21: =IF(E21="","",IF(T21="Not possible",0,IFERROR(L21*N21*P21-L21*F21*G21*U21+L21*F21*G21, "Error"))) | Z21: =IF(E21="",0,1) -> 0
D22: ='A1 Baseline - Terrestrial'!D23 -> 16 | E22: =IF(OR('A1 Baseline - Terrestrial'!E23="",'A1 Baseline - Terrestrial'!O23=0), "",'A1 Baseline - Terrestrial'!E23) | F22: =IF(E22="", "", 'A1 Baseline - Terrestrial'!H23) | G22: =IF(E22="", "", 'A1 Baseline - Terrestrial'!J23) | I22: =IF(E22="","",'A1 Baseline - Terrestrial'!K23) | J22: =IF(OR(E22="",H22=""),"",IF(AND(E22=H22,G22>=P22),"Error - No Enhancement",IF(AND(E22=H22,G22<P22),"Acceptable",IF(F22>N22,"Trading Down - Unacceptable Change",IF(F22=N22,"Error - No Enhancement",'A1 Baseline - Terrestrial'!G23&" - "&IFERROR(VLOOKUP(H22,'Z1 HAB CLASS'!$D$4:$E$45,2,FALSE),"")))))) | K22: =IF(E22="","",IF(AND(E22=H22,G22>=P22),"Error - No Enhancement",IF(AND(E22=H22,G22<P22),'A1 Baseline - Terrestrial'!I23&" - "&'A3 Enhancement - Terrestrial'!O22,IF(F22>N22,"Trading Down - Unacceptable Change",IF(F22=N22,"Error - No Enhancement",IF(AND(E22<>H22,F22<N22),"Lower Distinctiveness Habitat"&" - "&O22,'A1 Baseline - Terrestrial'!I23&" - "&'A3 Enhancement - Terrestrial'!O22)))))) | L22: =IF(E22="","",'A1 Baseline - Terrestrial'!O23) | M22: =IFERROR(VLOOKUP(H22,'Z1 HAB CLASS'!$D$4:$E$45,2,FALSE)," ") | N22: =IFERROR(VLOOKUP(M22,'Z1 HAB CLASS'!$L$3:$N$9,2,FALSE)," ") | P22: =IFERROR(VLOOKUP(O22,'Z3 CONDITION VALUE'!$A$3:$B$5,2,FALSE)," ") | Q22: =IF(OR('A1 Baseline - Terrestrial'!E23="", 'A1 Baseline - Terrestrial'!O23=0), "", 'A1 Baseline - Terrestrial'!I23&"") | R22: =_xludf.TEXTJOIN("/",TRUE,E22,Q22) -> #NAME? | S22: =_xludf.TEXTJOIN("/",TRUE,H22,O22) -> #NAME? | T22: {=IF(OR(R22="",S22=""),"",INDEX('Z8 TARGET ENH'!$F$6:$EO$145,MATCH(R22,'Z8 TARGET ENH'!$B$6:$B$145,0),MATCH(S22,'Z8 TARGET ENH'!$F$2:$EO$2,0)))} -> #NAME? | U22: =IF(E22="","",VLOOKUP($H$8,'Z8 TARGET ENH'!$FH$7:$FJ$38,2,FALSE)) | V22: =IF(E22="","",VLOOKUP(H22,'Z8 TARGET ENH'!$FH$7:$FJ$38,3,FALSE)) | W22: =IF(E22="","",IF(T22="Not possible",0,IFERROR(L22*N22*P22-L22*F22*G22*U22+L22*F22*G22, "Error"))) | Z22: =IF(E22="",0,1) -> 0
D23: ='A1 Baseline - Terrestrial'!D24 -> 17 | E23: =IF(OR('A1 Baseline - Terrestrial'!E24="",'A1 Baseline - Terrestrial'!O24=0), "",'A1 Baseline - Terrestrial'!E24) | F23: =IF(E23="", "", 'A1 Baseline - Terrestrial'!H24) | G23: =IF(E23="", "", 'A1 Baseline - Terrestrial'!J24) | I23: =IF(E23="","",'A1 Baseline - Terrestrial'!K24) | J23: =IF(OR(E23="",H23=""),"",IF(AND(E23=H23,G23>=P23),"Error - No Enhancement",IF(AND(E23=H23,G23<P23),"Acceptable",IF(F23>N23,"Trading Down - Unacceptable Change",IF(F23=N23,"Error - No Enhancement",'A1 Baseline - Terrestrial'!G24&" - "&IFERROR(VLOOKUP(H23,'Z1 HAB CLASS'!$D$4:$E$45,2,FALSE),"")))))) | K23: =IF(E23="","",IF(AND(E23=H23,G23>=P23),"Error - No Enhancement",IF(AND(E23=H23,G23<P23),'A1 Baseline - Terrestrial'!I24&" - "&'A3 Enhancement - Terrestrial'!O23,IF(F23>N23,"Trading Down - Unacceptable Change",IF(F23=N23,"Error - No Enhancement",IF(AND(E23<>H23,F23<N23),"Lower Distinctiveness Habitat"&" - "&O23,'A1 Baseline - Terrestrial'!I24&" - "&'A3 Enhancement - Terrestrial'!O23)))))) | L23: =IF(E23="","",'A1 Baseline - Terrestrial'!O24) | M23: =IFERROR(VLOOKUP(H23,'Z1 HAB CLASS'!$D$4:$E$45,2,FALSE)," ") | N23: =IFERROR(VLOOKUP(M23,'Z1 HAB CLASS'!$L$3:$N$9,2,FALSE)," ") | P23: =IFERROR(VLOOKUP(O23,'Z3 CONDITION VALUE'!$A$3:$B$5,2,FALSE)," ") | Q23: =IF(OR('A1 Baseline - Terrestrial'!E24="", 'A1 Baseline - Terrestrial'!O24=0), "", 'A1 Baseline - Terrestrial'!I24&"") | R23: =_xludf.TEXTJOIN("/",TRUE,E23,Q23) -> #NAME? | S23: =_xludf.TEXTJOIN("/",TRUE,H23,O23) -> #NAME? | T23: {=IF(OR(R23="",S23=""),"",INDEX('Z8 TARGET ENH'!$F$6:$EO$145,MATCH(R23,'Z8 TARGET ENH'!$B$6:$B$145,0),MATCH(S23,'Z8 TARGET ENH'!$F$2:$EO$2,0)))} -> #NAME? | U23: =IF(E23="","",VLOOKUP($H$8,'Z8 TARGET ENH'!$FH$7:$FJ$38,2,FALSE)) | V23: =IF(E23="","",VLOOKUP(H23,'Z8 TARGET ENH'!$FH$7:$FJ$38,3,FALSE)) | W23: =IF(E23="","",IF(T23="Not possible",0,IFERROR(L23*N23*P23-L23*F23*G23*U23+L23*F23*G23, "Error"))) | Z23: =IF(E23="",0,1) -> 0
D24: ='A1 Baseline - Terrestrial'!D25 -> 18 | E24: =IF(OR('A1 Baseline - Terrestrial'!E25="",'A1 Baseline - Terrestrial'!O25=0), "",'A1 Baseline - Terrestrial'!E25) | F24: =IF(E24="", "", 'A1 Baseline - Terrestrial'!H25) | G24: =IF(E24="", "", 'A1 Baseline - Terrestrial'!J25) | I24: =IF(E24="","",'A1 Baseline - Terrestrial'!K25) | J24: =IF(OR(E24="",H24=""),"",IF(AND(E24=H24,G24>=P24),"Error - No Enhancement",IF(AND(E24=H24,G24<P24),"Acceptable",IF(F24>N24,"Trading Down - Unacceptable Change",IF(F24=N24,"Error - No Enhancement",'A1 Baseline - Terrestrial'!G25&" - "&IFERROR(VLOOKUP(H24,'Z1 HAB CLASS'!$D$4:$E$45,2,FALSE),"")))))) | K24: =IF(E24="","",IF(AND(E24=H24,G24>=P24),"Error - No Enhancement",IF(AND(E24=H24,G24<P24),'A1 Baseline - Terrestrial'!I25&" - "&'A3 Enhancement - Terrestrial'!O24,IF(F24>N24,"Trading Down - Unacceptable Change",IF(F24=N24,"Error - No Enhancement",IF(AND(E24<>H24,F24<N24),"Lower Distinctiveness Habitat"&" - "&O24,'A1 Baseline - Terrestrial'!I25&" - "&'A3 Enhancement - Terrestrial'!O24)))))) | L24: =IF(E24="","",'A1 Baseline - Terrestrial'!O25) | M24: =IFERROR(VLOOKUP(H24,'Z1 HAB CLASS'!$D$4:$E$45,2,FALSE)," ") | N24: =IFERROR(VLOOKUP(M24,'Z1 HAB CLASS'!$L$3:$N$9,2,FALSE)," ") | P24: =IFERROR(VLOOKUP(O24,'Z3 CONDITION VALUE'!$A$3:$B$5,2,FALSE)," ") | Q24: =IF(OR('A1 Baseline - Terrestrial'!E25="", 'A1 Baseline - Terrestrial'!O25=0), "", 'A1 Baseline - Terrestrial'!I25&"") | R24: =_xludf.TEXTJOIN("/",TRUE,E24,Q24) -> #NAME? | S24: =_xludf.TEXTJOIN("/",TRUE,H24,O24) -> #NAME? | T24: {=IF(OR(R24="",S24=""),"",INDEX('Z8 TARGET ENH'!$F$6:$EO$145,MATCH(R24,'Z8 TARGET ENH'!$B$6:$B$145,0),MATCH(S24,'Z8 TARGET ENH'!$F$2:$EO$2,0)))} -> #NAME? | U24: =IF(E24="","",VLOOKUP($H$8,'Z8 TARGET ENH'!$FH$7:$FJ$38,2,FALSE)) | V24: =IF(E24="","",VLOOKUP(H24,'Z8 TARGET ENH'!$FH$7:$FJ$38,3,FALSE)) | W24: =IF(E24="","",IF(T24="Not possible",0,IFERROR(L24*N24*P24-L24*F24*G24*U24+L24*F24*G24, "Error"))) | Z24: =IF(E24="",0,1) -> 0
... D254: ='A1 Baseline - Terrestrial'!D255 -> 248 | E254: =IF(OR('A1 Baseline - Terrestrial'!E255="",'A1 Baseline - Terrestrial'!O255=0), "",'A1 Baseline - Terrestrial'!E255) | F254: =IF(E254="", "", 'A1 Baseline - Terrestrial'!H255) | G254: =IF(E254="", "", 'A1 Baseline - Terrestrial'!J255) | I254: =IF(E254="","",'A1 Baseline - Terrestrial'!K255) | J254: =IF(OR(E254="",H254=""),"",IF(AND(E254=H254,G254>=P254),"Error - No Enhancement",IF(AND(E254=H254,G254<P254),"Acceptable",IF(F254>N254,"Trading Down - Unacceptable Change",IF(F254=N254,"Error - No Enhancement",'A1 Baseline - Terrestrial'!G255&" - "&IFERROR(VLOOKUP(H254,'Z1 HAB CLASS'!$D$4:$E$45,2,FALSE),"")))))) | K254: =IF(E254="","",IF(AND(E254=H254,G254>=P254),"Error - No Enhancement",IF(AND(E254=H254,G254<P254),'A1 Baseline - Terrestrial'!I255&" - "&'A3 Enhancement - Terrestrial'!O254,IF(F254>N254,"Trading Down - Unacceptable Change",IF(F254=N254,"Error - No Enhancement",IF(AND(E254<>H254,F254<N254),"Lower Distinctiveness Habitat"&" - "&O254,'A1 Baseline - Terrestrial'!I255&" - "&'A3 Enhancement - Terrestrial'!O254)))))) | L254: =IF(E254="","",'A1 Baseline - Terrestrial'!O255) | M254: =IFERROR(VLOOKUP(H254,'Z1 HAB CLASS'!$D$4:$E$45,2,FALSE)," ") | N254: =IFERROR(VLOOKUP(M254,'Z1 HAB CLASS'!$L$3:$N$9,2,FALSE)," ") | P254: =IFERROR(VLOOKUP(O254,'Z3 CONDITION VALUE'!$A$3:$B$5,2,FALSE)," ") | Q254: =IF(OR('A1 Baseline - Terrestrial'!E255="", 'A1 Baseline - Terrestrial'!O255=0), "", 'A1 Baseline - Terrestrial'!I255&"") | R254: =_xludf.TEXTJOIN("/",TRUE,E254,Q254) -> #NAME? | S254: =_xludf.TEXTJOIN("/",TRUE,H254,O254) -> #NAME? | T254: {=IF(OR(R254="",S254=""),"",INDEX('Z8 TARGET ENH'!$F$6:$EO$145,MATCH(R254,'Z8 TARGET ENH'!$B$6:$B$145,0),MATCH(S254,'Z8 TARGET ENH'!$F$2:$EO$2,0)))} -> #NAME? | U254: =IF(E254="","",VLOOKUP($H$8,'Z8 TARGET ENH'!$FH$7:$FJ$38,2,FALSE)) | V254: =IF(E254="","",VLOOKUP(H254,'Z8 TARGET ENH'!$FH$7:$FJ$38,3,FALSE)) | W254: =IF(E254="","",IF(T254="Not possible",0,IFERROR(L254*N254*P254-L254*F254*G254*U254+L254*F254*G254, "Error"))) | Z254: =IF(E254="",0,1) -> 0
K255: Total area | L255: =SUM(L7:L254) -> 0 | U255: Total units | W255: =SUM(W7:W254) -> 0 | Z255: 1

Sheet A2 Creation - Terrestrial
W1: 1
D2: POST-DEVELOPMENT | W2: 1
D3: CREATION - TERRESTRIAL HABITATS | W3: 1
W4: 1
E5: Habitats and Areas | G5: Distinctiveness | I5: Condition | K5: Time to Target Condition | L5: Difficulty of Creation | N5: Terrestrial Units Delivered | O5: Justifications and Comments | W5: 1
D6: Ref | E6: Proposed Habitat | F6: Area (ha) | G6: Distinctiveness | H6: Score | I6: Condition | J6: Score | K6: No. Years | L6: Difficulty of Creation | M6: Difficulty Multiplier | W6: =IF(F6="",0,1) -> 1
D7: 1 | E7: Turf | F7: 4 | G7: =IFERROR(VLOOKUP(E7,'Z1 HAB CLASS'!$D$4:$E$45,2,FALSE)," ") -> Extremely low | H7: =IFERROR(VLOOKUP(G7,'Z1 HAB CLASS'!$L$3:$N$9,2,FALSE)," ") -> 0.5 | I7: Good | J7: =IFERROR(VLOOKUP(I7,'Z3 CONDITION VALUE'!$A$3:$B$5,2,FALSE)," ") -> 3 | K7: {=IFERROR(INDEX('Z7 TARGET CREATION'!$C$3:$F$40,MATCH(E7,'Z7 TARGET CREATION'!$B$3:$B$40,0),MATCH(I7,'Z7 TARGET CREATION'!$C$2:$F$2,0)),"")} -> 2 | L7: =IF(E7="","",VLOOKUP(E7,'Z7 TARGET CREATION'!$G$3:$I$40,3,FALSE)) -> Low | M7: =IF(E7="","",VLOOKUP(E7,'Z7 TARGET CREATION'!$G$3:$H$40,2, FALSE)) -> 1 | N7: =IF(E7="","",IF(K7="Not possible",0,F7*H7*J7*M7)) -> 6 | W7: =IF(F7="",0,1) -> 1
D8: 2 | G8: =IFERROR(VLOOKUP(E8,'Z1 HAB CLASS'!$D$4:$E$45,2,FALSE)," ") | H8: =IFERROR(VLOOKUP(G8,'Z1 HAB CLASS'!$L$3:$N$9,2,FALSE)," ") | J8: =IFERROR(VLOOKUP(I8,'Z3 CONDITION VALUE'!$A$3:$B$5,2,FALSE)," ") | K8: {=IFERROR(INDEX('Z7 TARGET CREATION'!$C$3:$F$40,MATCH(E8,'Z7 TARGET CREATION'!$B$3:$B$40,0),MATCH(I8,'Z7 TARGET CREATION'!$C$2:$F$2,0)),"")} | L8: =IF(E8="","",VLOOKUP(E8,'Z7 TARGET CREATION'!$G$3:$I$40,3,FALSE)) | M8: =IF(E8="","",VLOOKUP(E8,'Z7 TARGET CREATION'!$G$3:$H$40,2, FALSE)) | N8: =IF(E8="","",IF(K8="Not possible",0,F8*H8*J8*M8)) | W8: =IF(F8="",0,1) -> 0
D9: 3 | G9: =IFERROR(VLOOKUP(E9,'Z1 HAB CLASS'!$D$4:$E$45,2,FALSE)," ") | H9: =IFERROR(VLOOKUP(G9,'Z1 HAB CLASS'!$L$3:$N$9,2,FALSE)," ") | J9: =IFERROR(VLOOKUP(I9,'Z3 CONDITION VALUE'!$A$3:$B$5,2,FALSE)," ") | K9: {=IFERROR(INDEX('Z7 TARGET CREATION'!$C$3:$F$40,MATCH(E9,'Z7 TARGET CREATION'!$B$3:$B$40,0),MATCH(I9,'Z7 TARGET CREATION'!$C$2:$F$2,0)),"")} | L9: =IF(E9="","",VLOOKUP(E9,'Z7 TARGET CREATION'!$G$3:$I$40,3,FALSE)) | M9: =IF(E9="","",VLOOKUP(E9,'Z7 TARGET CREATION'!$G$3:$H$40,2, FALSE)) | N9: =IF(E9="","",IF(K9="Not possible",0,F9*H9*J9*M9)) | W9: =IF(F9="",0,1) -> 0
D10: 4 | G10: =IFERROR(VLOOKUP(E10,'Z1 HAB CLASS'!$D$4:$E$45,2,FALSE)," ") | H10: =IFERROR(VLOOKUP(G10,'Z1 HAB CLASS'!$L$3:$N$9,2,FALSE)," ") | J10: =IFERROR(VLOOKUP(I10,'Z3 CONDITION VALUE'!$A$3:$B$5,2,FALSE)," ") | K10: {=IFERROR(INDEX('Z7 TARGET CREATION'!$C$3:$F$40,MATCH(E10,'Z7 TARGET CREATION'!$B$3:$B$40,0),MATCH(I10,'Z7 TARGET CREATION'!$C$2:$F$2,0)),"")} | L10: =IF(E10="","",VLOOKUP(E10,'Z7 TARGET CREATION'!$G$3:$I$40,3,FALSE)) | M10: =IF(E10="","",VLOOKUP(E10,'Z7 TARGET CREATION'!$G$3:$H$40,2, FALSE)) | N10: =IF(E10="","",IF(K10="Not possible",0,F10*H10*J10*M10)) | W10: =IF(F10="",0,1) -> 0
D11: 5 | G11: =IFERROR(VLOOKUP(E11,'Z1 HAB CLASS'!$D$4:$E$45,2,FALSE)," ") | H11: =IFERROR(VLOOKUP(G11,'Z1 HAB CLASS'!$L$3:$N$9,2,FALSE)," ") | J11: =IFERROR(VLOOKUP(I11,'Z3 CONDITION VALUE'!$A$3:$B$5,2,FALSE)," ") | K11: {=IFERROR(INDEX('Z7 TARGET CREATION'!$C$3:$F$40,MATCH(E11,'Z7 TARGET CREATION'!$B$3:$B$40,0),MATCH(I11,'Z7 TARGET CREATION'!$C$2:$F$2,0)),"")} | L11: =IF(E11="","",VLOOKUP(E11,'Z7 TARGET CREATION'!$G$3:$I$40,3,FALSE)) | M11: =IF(E11="","",VLOOKUP(E11,'Z7 TARGET CREATION'!$G$3:$H$40,2, FALSE)) | N11: =IF(E11="","",IF(K11="Not possible",0,F11*H11*J11*M11)) | W11: =IF(F11="",0,1) -> 0
D12: 6 | G12: =IFERROR(VLOOKUP(E12,'Z1 HAB CLASS'!$D$4:$E$45,2,FALSE)," ") | H12: =IFERROR(VLOOKUP(G12,'Z1 HAB CLASS'!$L$3:$N$9,2,FALSE)," ") | J12: =IFERROR(VLOOKUP(I12,'Z3 CONDITION VALUE'!$A$3:$B$5,2,FALSE)," ") | K12: {=IFERROR(INDEX('Z7 TARGET CREATION'!$C$3:$F$40,MATCH(E12,'Z7 TARGET CREATION'!$B$3:$B$40,0),MATCH(I12,'Z7 TARGET CREATION'!$C$2:$F$2,0)),"")} | L12: =IF(E12="","",VLOOKUP(E12,'Z7 TARGET CREATION'!$G$3:$I$40,3,FALSE)) | M12: =IF(E12="","",VLOOKUP(E12,'Z7 TARGET CREATION'!$G$3:$H$40,2, FALSE)) | N12: =IF(E12="","",IF(K12="Not possible",0,F12*H12*J12*M12)) | W12: =IF(F12="",0,1) -> 0
D13: 7 | G13: =IFERROR(VLOOKUP(E13,'Z1 HAB CLASS'!$D$4:$E$45,2,FALSE)," ") | H13: =IFERROR(VLOOKUP(G13,'Z1 HAB CLASS'!$L$3:$N$9,2,FALSE)," ") | J13: =IFERROR(VLOOKUP(I13,'Z3 CONDITION VALUE'!$A$3:$B$5,2,FALSE)," ") | K13: {=IFERROR(INDEX('Z7 TARGET CREATION'!$C$3:$F$40,MATCH(E13,'Z7 TARGET CREATION'!$B$3:$B$40,0),MATCH(I13,'Z7 TARGET CREATION'!$C$2:$F$2,0)),"")} | L13: =IF(E13="","",VLOOKUP(E13,'Z7 TARGET CREATION'!$G$3:$I$40,3,FALSE)) | M13: =IF(E13="","",VLOOKUP(E13,'Z7 TARGET CREATION'!$G$3:$H$40,2, FALSE)) | N13: =IF(E13="","",IF(K13="Not possible",0,F13*H13*J13*M13)) | W13: =IF(F13="",0,1) -> 0
D14: 8 | G14: =IFERROR(VLOOKUP(E14,'Z1 HAB CLASS'!$D$4:$E$45,2,FALSE)," ") | H14: =IFERROR(VLOOKUP(G14,'Z1 HAB CLASS'!$L$3:$N$9,2,FALSE)," ") | J14: =IFERROR(VLOOKUP(I14,'Z3 CONDITION VALUE'!$A$3:$B$5,2,FALSE)," ") | K14: {=IFERROR(INDEX('Z7 TARGET CREATION'!$C$3:$F$40,MATCH(E14,'Z7 TARGET CREATION'!$B$3:$B$40,0),MATCH(I14,'Z7 TARGET CREATION'!$C$2:$F$2,0)),"")} | L14: =IF(E14="","",VLOOKUP(E14,'Z7 TARGET CREATION'!$G$3:$I$40,3,FALSE)) | M14: =IF(E14="","",VLOOKUP(E14,'Z7 TARGET CREATION'!$G$3:$H$40,2, FALSE)) | N14: =IF(E14="","",IF(K14="Not possible",0,F14*H14*J14*M14)) | W14: =IF(F14="",0,1) -> 0
D15: 9 | G15: =IFERROR(VLOOKUP(E15,'Z1 HAB CLASS'!$D$4:$E$45,2,FALSE)," ") | H15: =IFERROR(VLOOKUP(G15,'Z1 HAB CLASS'!$L$3:$N$9,2,FALSE)," ") | J15: =IFERROR(VLOOKUP(I15,'Z3 CONDITION VALUE'!$A$3:$B$5,2,FALSE)," ") | K15: {=IFERROR(INDEX('Z7 TARGET CREATION'!$C$3:$F$40,MATCH(E15,'Z7 TARGET CREATION'!$B$3:$B$40,0),MATCH(I15,'Z7 TARGET CREATION'!$C$2:$F$2,0)),"")} | L15: =IF(E15="","",VLOOKUP(E15,'Z7 TARGET CREATION'!$G$3:$I$40,3,FALSE)) | M15: =IF(E15="","",VLOOKUP(E15,'Z7 TARGET CREATION'!$G$3:$H$40,2, FALSE)) | N15: =IF(E15="","",IF(K15="Not possible",0,F15*H15*J15*M15)) | W15: =IF(F15="",0,1) -> 0
D16: 10 | G16: =IFERROR(VLOOKUP(E16,'Z1 HAB CLASS'!$D$4:$E$45,2,FALSE)," ") | H16: =IFERROR(VLOOKUP(G16,'Z1 HAB CLASS'!$L$3:$N$9,2,FALSE)," ") | J16: =IFERROR(VLOOKUP(I16,'Z3 CONDITION VALUE'!$A$3:$B$5,2,FALSE)," ") | K16: {=IFERROR(INDEX('Z7 TARGET CREATION'!$C$3:$F$40,MATCH(E16,'Z7 TARGET CREATION'!$B$3:$B$40,0),MATCH(I16,'Z7 TARGET CREATION'!$C$2:$F$2,0)),"")} | L16: =IF(E16="","",VLOOKUP(E16,'Z7 TARGET CREATION'!$G$3:$I$40,3,FALSE)) | M16: =IF(E16="","",VLOOKUP(E16,'Z7 TARGET CREATION'!$G$3:$H$40,2, FALSE)) | N16: =IF(E16="","",IF(K16="Not possible",0,F16*H16*J16*M16)) | W16: =IF(F16="",0,1) -> 0
D17: 11 | G17: =IFERROR(VLOOKUP(E17,'Z1 HAB CLASS'!$D$4:$E$45,2,FALSE)," ") | H17: =IFERROR(VLOOKUP(G17,'Z1 HAB CLASS'!$L$3:$N$9,2,FALSE)," ") | J17: =IFERROR(VLOOKUP(I17,'Z3 CONDITION VALUE'!$A$3:$B$5,2,FALSE)," ") | K17: {=IFERROR(INDEX('Z7 TARGET CREATION'!$C$3:$F$40,MATCH(E17,'Z7 TARGET CREATION'!$B$3:$B$40,0),MATCH(I17,'Z7 TARGET CREATION'!$C$2:$F$2,0)),"")} | L17: =IF(E17="","",VLOOKUP(E17,'Z7 TARGET CREATION'!$G$3:$I$40,3,FALSE)) | M17: =IF(E17="","",VLOOKUP(E17,'Z7 TARGET CREATION'!$G$3:$H$40,2, FALSE)) | N17: =IF(E17="","",IF(K17="Not possible",0,F17*H17*J17*M17)) | W17: =IF(F17="",0,1) -> 0
D18: 12 | G18: =IFERROR(VLOOKUP(E18,'Z1 HAB CLASS'!$D$4:$E$45,2,FALSE)," ") | H18: =IFERROR(VLOOKUP(G18,'Z1 HAB CLASS'!$L$3:$N$9,2,FALSE)," ") | J18: =IFERROR(VLOOKUP(I18,'Z3 CONDITION VALUE'!$A$3:$B$5,2,FALSE)," ") | K18: {=IFERROR(INDEX('Z7 TARGET CREATION'!$C$3:$F$40,MATCH(E18,'Z7 TARGET CREATION'!$B$3:$B$40,0),MATCH(I18,'Z7 TARGET CREATION'!$C$2:$F$2,0)),"")} | L18: =IF(E18="","",VLOOKUP(E18,'Z7 TARGET CREATION'!$G$3:$I$40,3,FALSE)) | M18: =IF(E18="","",VLOOKUP(E18,'Z7 TARGET CREATION'!$G$3:$H$40,2, FALSE)) | N18: =IF(E18="","",IF(K18="Not possible",0,F18*H18*J18*M18)) | W18: =IF(F18="",0,1) -> 0
D19: 13 | G19: =IFERROR(VLOOKUP(E19,'Z1 HAB CLASS'!$D$4:$E$45,2,FALSE)," ") | H19: =IFERROR(VLOOKUP(G19,'Z1 HAB CLASS'!$L$3:$N$9,2,FALSE)," ") | J19: =IFERROR(VLOOKUP(I19,'Z3 CONDITION VALUE'!$A$3:$B$5,2,FALSE)," ") | K19: {=IFERROR(INDEX('Z7 TARGET CREATION'!$C$3:$F$40,MATCH(E19,'Z7 TARGET CREATION'!$B$3:$B$40,0),MATCH(I19,'Z7 TARGET CREATION'!$C$2:$F$2,0)),"")} | L19: =IF(E19="","",VLOOKUP(E19,'Z7 TARGET CREATION'!$G$3:$I$40,3,FALSE)) | M19: =IF(E19="","",VLOOKUP(E19,'Z7 TARGET CREATION'!$G$3:$H$40,2, FALSE)) | N19: =IF(E19="","",IF(K19="Not possible",0,F19*H19*J19*M19)) | W19: =IF(F19="",0,1) -> 0
... D254: 248 | G254: =IFERROR(VLOOKUP(E254,'Z1 HAB CLASS'!$D$4:$E$45,2,FALSE)," ") | H254: =IFERROR(VLOOKUP(G254,'Z1 HAB CLASS'!$L$3:$N$9,2,FALSE)," ") | J254: =IFERROR(VLOOKUP(I254,'Z3 CONDITION VALUE'!$A$3:$B$5,2,FALSE)," ") | K254: {=IFERROR(INDEX('Z7 TARGET CREATION'!$C$3:$F$40,MATCH(E254,'Z7 TARGET CREATION'!$B$3:$B$40,0),MATCH(I254,'Z7 TARGET CREATION'!$C$2:$F$2,0)),"")} | L254: =IF(E254="","",VLOOKUP(E254,'Z7 TARGET CREATION'!$G$3:$I$40,3,FALSE)) | M254: =IF(E254="","",VLOOKUP(E254,'Z7 TARGET CREATION'!$G$3:$H$40,2, FALSE)) | N254: =IF(E254="","",IF(K254="Not possible",0,F254*H254*J254*M254)) | W254: =IF(F254="",0,1) -> 0
E255: Total area | F255: =SUM(F7:F254) -> 4 | M255: Total units | N255: =SUM(N7:N254) -> 6 | W255: =IF(F255="",0,1) -> 1
W256: =IF(F256="",0,1) -> 0

Sheet B1 Baseline - FW
W1: 1
D2: BASELINE | W2: 1
D3: FRESHWATER UNITS | W3: 1
W4: 1
W5: 1
E6: Habitats and Areas | G6: Distinctiveness | I6: Condition | K6: Habitat Trading (compensation requirement) | L6: Ecological Baseline | N6: Lost, Retained and Enhanced Biodiversity Units | T6: Justifications and Comments | W6: 1
D7: Ref | E7: Habitat Type | F7: Area (ha) | G7: Distinctiveness | H7: Score | I7: Condition | J7: Score | L7: Total Freshwater Units | N7: Area Retained (ha) | O7: Area Enhanced (ha) | P7: Baseline Units Retained | Q7: Baseline Units Enhanced | R7: Area lost (ha) | S7: Freshwater Units Lost | W7: 1
D8: 1 | G8: =IFERROR(VLOOKUP(E8,'Z1 HAB CLASS'!$D$4:$E$45,2,FALSE)," ") | H8: =IFERROR(VLOOKUP(G8,'Z1 HAB CLASS'!$L$3:$N$9,2,FALSE)," ") | J8: =IFERROR(VLOOKUP(I8,'Z3 CONDITION VALUE'!$A$3:$B$5,2,FALSE)," ") | K8: =IFERROR(VLOOKUP(G8,'Z1 HAB CLASS'!$L$4:$N$9,3,FALSE)," ") | L8: =IFERROR(F8*H8*J8," ") | P8: =IFERROR(N8*H8*J8," ") | Q8: =IFERROR(O8*H8*J8, " ") | R8: =IF(E8="","",IF(F8<N8+O8, "Errors in Areas",F8-(N8+O8))) | S8: =IFERROR(R8*H8*J8," ") | W8: =IF(E8="",0,1) -> 0
D9: 2 | G9: =IFERROR(VLOOKUP(E9,'Z1 HAB CLASS'!$D$4:$E$45,2,FALSE)," ") | H9: =IFERROR(VLOOKUP(G9,'Z1 HAB CLASS'!$L$3:$N$9,2,FALSE)," ") | J9: =IFERROR(VLOOKUP(I9,'Z3 CONDITION VALUE'!$A$3:$B$5,2,FALSE)," ") | K9: =IFERROR(VLOOKUP(G9,'Z1 HAB CLASS'!$L$4:$N$9,3,FALSE)," ") | L9: =IFERROR(F9*H9*J9," ") | P9: =IFERROR(N9*H9*J9," ") | Q9: =IFERROR(O9*H9*J9, " ") | R9: =IF(E9="","",IF(F9<N9+O9, "Errors in Areas",F9-(N9+O9))) | S9: =IFERROR(R9*H9*J9," ") | W9: =IF(E9="",0,1) -> 0
D10: 3 | G10: =IFERROR(VLOOKUP(E10,'Z1 HAB CLASS'!$D$4:$E$45,2,FALSE)," ") | H10: =IFERROR(VLOOKUP(G10,'Z1 HAB CLASS'!$L$3:$N$9,2,FALSE)," ") | J10: =IFERROR(VLOOKUP(I10,'Z3 CONDITION VALUE'!$A$3:$B$5,2,FALSE)," ") | K10: =IFERROR(VLOOKUP(G10,'Z1 HAB CLASS'!$L$4:$N$9,3,FALSE)," ") | L10: =IFERROR(F10*H10*J10," ") | P10: =IFERROR(N10*H10*J10," ") | Q10: =IFERROR(O10*H10*J10, " ") | R10: =IF(E10="","",IF(F10<N10+O10, "Errors in Areas",F10-(N10+O10))) | S10: =IFERROR(R10*H10*J10," ") | W10: =IF(E10="",0,1) -> 0
D11: 4 | G11: =IFERROR(VLOOKUP(E11,'Z1 HAB CLASS'!$D$4:$E$45,2,FALSE)," ") | H11: =IFERROR(VLOOKUP(G11,'Z1 HAB CLASS'!$L$3:$N$9,2,FALSE)," ") | J11: =IFERROR(VLOOKUP(I11,'Z3 CONDITION VALUE'!$A$3:$B$5,2,FALSE)," ") | K11: =IFERROR(VLOOKUP(G11,'Z1 HAB CLASS'!$L$4:$N$9,3,FALSE)," ") | L11: =IFERROR(F11*H11*J11," ") | P11: =IFERROR(N11*H11*J11," ") | Q11: =IFERROR(O11*H11*J11, " ") | R11: =IF(E11="","",IF(F11<N11+O11, "Errors in Areas",F11-(N11+O11))) | S11: =IFERROR(R11*H11*J11," ") | W11: =IF(E11="",0,1) -> 0
D12: 5 | G12: =IFERROR(VLOOKUP(E12,'Z1 HAB CLASS'!$D$4:$E$45,2,FALSE)," ") | H12: =IFERROR(VLOOKUP(G12,'Z1 HAB CLASS'!$L$3:$N$9,2,FALSE)," ") | J12: =IFERROR(VLOOKUP(I12,'Z3 CONDITION VALUE'!$A$3:$B$5,2,FALSE)," ") | K12: =IFERROR(VLOOKUP(G12,'Z1 HAB CLASS'!$L$4:$N$9,3,FALSE)," ") | L12: =IFERROR(F12*H12*J12," ") | P12: =IFERROR(N12*H12*J12," ") | Q12: =IFERROR(O12*H12*J12, " ") | R12: =IF(E12="","",IF(F12<N12+O12, "Errors in Areas",F12-(N12+O12))) | S12: =IFERROR(R12*H12*J12," ") | W12: =IF(E12="",0,1) -> 0
D13: 6 | G13: =IFERROR(VLOOKUP(E13,'Z1 HAB CLASS'!$D$4:$E$45,2,FALSE)," ") | H13: =IFERROR(VLOOKUP(G13,'Z1 HAB CLASS'!$L$3:$N$9,2,FALSE)," ") | J13: =IFERROR(VLOOKUP(I13,'Z3 CONDITION VALUE'!$A$3:$B$5,2,FALSE)," ") | K13: =IFERROR(VLOOKUP(G13,'Z1 HAB CLASS'!$L$4:$N$9,3,FALSE)," ") | L13: =IFERROR(F13*H13*J13," ") | P13: =IFERROR(N13*H13*J13," ") | Q13: =IFERROR(O13*H13*J13, " ") | R13: =IF(E13="","",IF(F13<N13+O13, "Errors in Areas",F13-(N13+O13))) | S13: =IFERROR(R13*H13*J13," ") | W13: =IF(E13="",0,1) -> 0
D14: 7 | G14: =IFERROR(VLOOKUP(E14,'Z1 HAB CLASS'!$D$4:$E$45,2,FALSE)," ") | H14: =IFERROR(VLOOKUP(G14,'Z1 HAB CLASS'!$L$3:$N$9,2,FALSE)," ") | J14: =IFERROR(VLOOKUP(I14,'Z3 CONDITION VALUE'!$A$3:$B$5,2,FALSE)," ") | K14: =IFERROR(VLOOKUP(G14,'Z1 HAB CLASS'!$L$4:$N$9,3,FALSE)," ") | L14: =IFERROR(F14*H14*J14," ") | P14: =IFERROR(N14*H14*J14," ") | Q14: =IFERROR(O14*H14*J14, " ") | R14: =IF(E14="","",IF(F14<N14+O14, "Errors in Areas",F14-(N14+O14))) | S14: =IFERROR(R14*H14*J14," ") | W14: =IF(E14="",0,1) -> 0
D15: 8 | G15: =IFERROR(VLOOKUP(E15,'Z1 HAB CLASS'!$D$4:$E$45,2,FALSE)," ") | H15: =IFERROR(VLOOKUP(G15,'Z1 HAB CLASS'!$L$3:$N$9,2,FALSE)," ") | J15: =IFERROR(VLOOKUP(I15,'Z3 CONDITION VALUE'!$A$3:$B$5,2,FALSE)," ") | K15: =IFERROR(VLOOKUP(G15,'Z1 HAB CLASS'!$L$4:$N$9,3,FALSE)," ") | L15: =IFERROR(F15*H15*J15," ") | P15: =IFERROR(N15*H15*J15," ") | Q15: =IFERROR(O15*H15*J15, " ") | R15: =IF(E15="","",IF(F15<N15+O15, "Errors in Areas",F15-(N15+O15))) | S15: =IFERROR(R15*H15*J15," ") | W15: =IF(E15="",0,1) -> 0
D16: 9 | G16: =IFERROR(VLOOKUP(E16,'Z1 HAB CLASS'!$D$4:$E$45,2,FALSE)," ") | H16: =IFERROR(VLOOKUP(G16,'Z1 HAB CLASS'!$L$3:$N$9,2,FALSE)," ") | J16: =IFERROR(VLOOKUP(I16,'Z3 CONDITION VALUE'!$A$3:$B$5,2,FALSE)," ") | K16: =IFERROR(VLOOKUP(G16,'Z1 HAB CLASS'!$L$4:$N$9,3,FALSE)," ") | L16: =IFERROR(F16*H16*J16," ") | P16: =IFERROR(N16*H16*J16," ") | Q16: =IFERROR(O16*H16*J16, " ") | R16: =IF(E16="","",IF(F16<N16+O16, "Errors in Areas",F16-(N16+O16))) | S16: =IFERROR(R16*H16*J16," ") | W16: =IF(E16="",0,1) -> 0
D17: 10 | G17: =IFERROR(VLOOKUP(E17,'Z1 HAB CLASS'!$D$4:$E$45,2,FALSE)," ") | H17: =IFERROR(VLOOKUP(G17,'Z1 HAB CLASS'!$L$3:$N$9,2,FALSE)," ") | J17: =IFERROR(VLOOKUP(I17,'Z3 CONDITION VALUE'!$A$3:$B$5,2,FALSE)," ") | K17: =IFERROR(VLOOKUP(G17,'Z1 HAB CLASS'!$L$4:$N$9,3,FALSE)," ") | L17: =IFERROR(F17*H17*J17," ") | P17: =IFERROR(N17*H17*J17," ") | Q17: =IFERROR(O17*H17*J17, " ") | R17: =IF(E17="","",IF(F17<N17+O17, "Errors in Areas",F17-(N17+O17))) | S17: =IFERROR(R17*H17*J17," ") | W17: =IF(E17="",0,1) -> 0
D18: 11 | G18: =IFERROR(VLOOKUP(E18,'Z1 HAB CLASS'!$D$4:$E$45,2,FALSE)," ") | H18: =IFERROR(VLOOKUP(G18,'Z1 HAB CLASS'!$L$3:$N$9,2,FALSE)," ") | J18: =IFERROR(VLOOKUP(I18,'Z3 CONDITION VALUE'!$A$3:$B$5,2,FALSE)," ") | K18: =IFERROR(VLOOKUP(G18,'Z1 HAB CLASS'!$L$4:$N$9,3,FALSE)," ") | L18: =IFERROR(F18*H18*J18," ") | P18: =IFERROR(N18*H18*J18," ") | Q18: =IFERROR(O18*H18*J18, " ") | R18: =IF(E18="","",IF(F18<N18+O18, "Errors in Areas",F18-(N18+O18))) | S18: =IFERROR(R18*H18*J18," ") | W18: =IF(E18="",0,1) -> 0
D19: 12 | G19: =IFERROR(VLOOKUP(E19,'Z1 HAB CLASS'!$D$4:$E$45,2,FALSE)," ") | H19: =IFERROR(VLOOKUP(G19,'Z1 HAB CLASS'!$L$3:$N$9,2,FALSE)," ") | J19: =IFERROR(VLOOKUP(I19,'Z3 CONDITION VALUE'!$A$3:$B$5,2,FALSE)," ") | K19: =IFERROR(VLOOKUP(G19,'Z1 HAB CLASS'!$L$4:$N$9,3,FALSE)," ") | L19: =IFERROR(F19*H19*J19," ") | P19: =IFERROR(N19*H19*J19," ") | Q19: =IFERROR(O19*H19*J19, " ") | R19: =IF(E19="","",IF(F19<N19+O19, "Errors in Areas",F19-(N19+O19))) | S19: =IFERROR(R19*H19*J19," ") | W19: =IF(E19="",0,1) -> 0
... D255: 248 | G255: =IFERROR(VLOOKUP(E255,'Z1 HAB CLASS'!$D$4:$E$45,2,FALSE)," ") | H255: =IFERROR(VLOOKUP(G255,'Z1 HAB CLASS'!$L$3:$N$9,2,FALSE)," ") | J255: =IFERROR(VLOOKUP(I255,'Z3 CONDITION VALUE'!$A$3:$B$5,2,FALSE)," ") | K255: =IFERROR(VLOOKUP(G255,'Z1 HAB CLASS'!$L$4:$N$9,3,FALSE)," ") | L255: =IFERROR(F255*H255*J255," ") | P255: =IFERROR(N255*H255*J255," ") | Q255: =IFERROR(O255*H255*J255, " ") | R255: =IF(E255="","",IF(F255<N255+O255, "Errors in Areas",F255-(N255+O255))) | S255: =IFERROR(R255*H255*J255," ") | W255: =IF(E255="",0,1) -> 0
E256: Total Length | F256: =SUM(F8:F254) -> 0 | K256: Total units | L256: =SUMIF(L8:L255,"<>#N/A") -> 0 | N256: =SUMIF(N8:N255,"<>#N/A") -> 0 | O256: =SUMIF(O8:O255,"<>#N/A") -> 0 | P256: =SUMIF(P8:P255,"<>#N/A") -> 0 | Q256: =SUMIF(Q8:Q255,"<>#N/A") -> 0 | R256: =SUMIF(R8:R255,"<>#N/A") -> 0 | S256: =SUMIF(S8:S255,"<>#N/A") -> 0 | W256: 1

Sheet B2 Creation - FW
S1: 1
D2: POST-DEVELOPMENT | S2: 1
D3: CREATION - FRESHWATER UNITS | S3: 1
S4: 1
E5: Habitats and Areas | G5: Distinctiveness | I5: Condition | K5: Time to Target Condition | L5: Difficulty of Creation | N5: Freshwater Units Delivered | O5: Justifications and Comments | S5: 1
D6: Ref | E6: Habitat Type | F6: Area (ha) | G6: Distinctiveness | H6: Score | I6: Condition | J6: Score | K6: No. Years | L6: Difficulty of Creation | M6: Difficulty Multiplier | S6: =IF(F6="",0,1) -> 1
D7: 1 | G7: =IFERROR(VLOOKUP(E7,'Z1 HAB CLASS'!$D$4:$E$45,2,FALSE)," ") | H7: =IFERROR(VLOOKUP(G7,'Z1 HAB CLASS'!$L$3:$N$9,2,FALSE)," ") | J7: =IFERROR(VLOOKUP(I7,'Z3 CONDITION VALUE'!$A$3:$B$5,2,FALSE)," ") | K7: {=IFERROR(INDEX('Z7 TARGET CREATION'!$C$3:$F$40,MATCH(E7,'Z7 TARGET CREATION'!$B$3:$B$40,0),MATCH(I7,'Z7 TARGET CREATION'!$C$2:$F$2,0)),"")} | L7: =IF(E7="","",VLOOKUP(E7,'Z7 TARGET CREATION'!$G$3:$I$40,3,FALSE)) | M7: =IF(E7="","",VLOOKUP(E7,'Z7 TARGET CREATION'!$G$3:$H$40,2, FALSE)) | N7: =IFERROR(F7*H7*J7*M7, "") | S7: =IF(F7="",0,1) -> 0
D8: 2 | G8: =IFERROR(VLOOKUP(E8,'Z1 HAB CLASS'!$D$4:$E$45,2,FALSE)," ") | H8: =IFERROR(VLOOKUP(G8,'Z1 HAB CLASS'!$L$3:$N$9,2,FALSE)," ") | J8: =IFERROR(VLOOKUP(I8,'Z3 CONDITION VALUE'!$A$3:$B$5,2,FALSE)," ") | K8: {=IFERROR(INDEX('Z7 TARGET CREATION'!$C$3:$F$40,MATCH(E8,'Z7 TARGET CREATION'!$B$3:$B$40,0),MATCH(I8,'Z7 TARGET CREATION'!$C$2:$F$2,0)),"")} | L8: =IF(E8="","",VLOOKUP(E8,'Z7 TARGET CREATION'!$G$3:$I$40,3,FALSE)) | M8: =IF(E8="","",VLOOKUP(E8,'Z7 TARGET CREATION'!$G$3:$H$40,2, FALSE)) | N8: =IFERROR(F8*H8*J8*M8, "") | S8: =IF(F8="",0,1) -> 0
D9: 3 | G9: =IFERROR(VLOOKUP(E9,'Z1 HAB CLASS'!$D$4:$E$45,2,FALSE)," ") | H9: =IFERROR(VLOOKUP(G9,'Z1 HAB CLASS'!$L$3:$N$9,2,FALSE)," ") | J9: =IFERROR(VLOOKUP(I9,'Z3 CONDITION VALUE'!$A$3:$B$5,2,FALSE)," ") | K9: {=IFERROR(INDEX('Z7 TARGET CREATION'!$C$3:$F$40,MATCH(E9,'Z7 TARGET CREATION'!$B$3:$B$40,0),MATCH(I9,'Z7 TARGET CREATION'!$C$2:$F$2,0)),"")} | L9: =IF(E9="","",VLOOKUP(E9,'Z7 TARGET CREATION'!$G$3:$I$40,3,FALSE)) | M9: =IF(E9="","",VLOOKUP(E9,'Z7 TARGET CREATION'!$G$3:$H$40,2, FALSE)) | N9: =IFERROR(F9*H9*J9*M9, "") | S9: =IF(F9="",0,1) -> 0
D10: 4 | G10: =IFERROR(VLOOKUP(E10,'Z1 HAB CLASS'!$D$4:$E$45,2,FALSE)," ") | H10: =IFERROR(VLOOKUP(G10,'Z1 HAB CLASS'!$L$3:$N$9,2,FALSE)," ") | J10: =IFERROR(VLOOKUP(I10,'Z3 CONDITION VALUE'!$A$3:$B$5,2,FALSE)," ") | K10: {=IFERROR(INDEX('Z7 TARGET CREATION'!$C$3:$F$40,MATCH(E10,'Z7 TARGET CREATION'!$B$3:$B$40,0),MATCH(I10,'Z7 TARGET CREATION'!$C$2:$F$2,0)),"")} | L10: =IF(E10="","",VLOOKUP(E10,'Z7 TARGET CREATION'!$G$3:$I$40,3,FALSE)) | M10: =IF(E10="","",VLOOKUP(E10,'Z7 TARGET CREATION'!$G$3:$H$40,2, FALSE)) | N10: =IFERROR(F10*H10*J10*M10, "") | S10: =IF(F10="",0,1) -> 0
D11: 5 | G11: =IFERROR(VLOOKUP(E11,'Z1 HAB CLASS'!$D$4:$E$45,2,FALSE)," ") | H11: =IFERROR(VLOOKUP(G11,'Z1 HAB CLASS'!$L$3:$N$9,2,FALSE)," ") | J11: =IFERROR(VLOOKUP(I11,'Z3 CONDITION VALUE'!$A$3:$B$5,2,FALSE)," ") | K11: {=IFERROR(INDEX('Z7 TARGET CREATION'!$C$3:$F$40,MATCH(E11,'Z7 TARGET CREATION'!$B$3:$B$40,0),MATCH(I11,'Z7 TARGET CREATION'!$C$2:$F$2,0)),"")} | L11: =IF(E11="","",VLOOKUP(E11,'Z7 TARGET CREATION'!$G$3:$I$40,3,FALSE)) | M11: =IF(E11="","",VLOOKUP(E11,'Z7 TARGET CREATION'!$G$3:$H$40,2, FALSE)) | N11: =IFERROR(F11*H11*J11*M11, "") | S11: =IF(F11="",0,1) -> 0
D12: 6 | G12: =IFERROR(VLOOKUP(E12,'Z1 HAB CLASS'!$D$4:$E$45,2,FALSE)," ") | H12: =IFERROR(VLOOKUP(G12,'Z1 HAB CLASS'!$L$3:$N$9,2,FALSE)," ") | J12: =IFERROR(VLOOKUP(I12,'Z3 CONDITION VALUE'!$A$3:$B$5,2,FALSE)," ") | K12: {=IFERROR(INDEX('Z7 TARGET CREATION'!$C$3:$F$40,MATCH(E12,'Z7 TARGET CREATION'!$B$3:$B$40,0),MATCH(I12,'Z7 TARGET CREATION'!$C$2:$F$2,0)),"")} | L12: =IF(E12="","",VLOOKUP(E12,'Z7 TARGET CREATION'!$G$3:$I$40,3,FALSE)) | M12: =IF(E12="","",VLOOKUP(E12,'Z7 TARGET CREATION'!$G$3:$H$40,2, FALSE)) | N12: =IFERROR(F12*H12*J12*M12, "") | S12: =IF(F12="",0,1) -> 0
D13: 7 | G13: =IFERROR(VLOOKUP(E13,'Z1 HAB CLASS'!$D$4:$E$45,2,FALSE)," ") | H13: =IFERROR(VLOOKUP(G13,'Z1 HAB CLASS'!$L$3:$N$9,2,FALSE)," ") | J13: =IFERROR(VLOOKUP(I13,'Z3 CONDITION VALUE'!$A$3:$B$5,2,FALSE)," ") | K13: {=IFERROR(INDEX('Z7 TARGET CREATION'!$C$3:$F$40,MATCH(E13,'Z7 TARGET CREATION'!$B$3:$B$40,0),MATCH(I13,'Z7 TARGET CREATION'!$C$2:$F$2,0)),"")} | L13: =IF(E13="","",VLOOKUP(E13,'Z7 TARGET CREATION'!$G$3:$I$40,3,FALSE)) | M13: =IF(E13="","",VLOOKUP(E13,'Z7 TARGET CREATION'!$G$3:$H$40,2, FALSE)) | N13: =IFERROR(F13*H13*J13*M13, "") | S13: =IF(F13="",0,1) -> 0
D14: 8 | G14: =IFERROR(VLOOKUP(E14,'Z1 HAB CLASS'!$D$4:$E$45,2,FALSE)," ") | H14: =IFERROR(VLOOKUP(G14,'Z1 HAB CLASS'!$L$3:$N$9,2,FALSE)," ") | J14: =IFERROR(VLOOKUP(I14,'Z3 CONDITION VALUE'!$A$3:$B$5,2,FALSE)," ") | K14: {=IFERROR(INDEX('Z7 TARGET CREATION'!$C$3:$F$40,MATCH(E14,'Z7 TARGET CREATION'!$B$3:$B$40,0),MATCH(I14,'Z7 TARGET CREATION'!$C$2:$F$2,0)),"")} | L14: =IF(E14="","",VLOOKUP(E14,'Z7 TARGET CREATION'!$G$3:$I$40,3,FALSE)) | M14: =IF(E14="","",VLOOKUP(E14,'Z7 TARGET CREATION'!$G$3:$H$40,2, FALSE)) | N14: =IFERROR(F14*H14*J14*M14, "") | S14: =IF(F14="",0,1) -> 0
D15: 9 | G15: =IFERROR(VLOOKUP(E15,'Z1 HAB CLASS'!$D$4:$E$45,2,FALSE)," ") | H15: =IFERROR(VLOOKUP(G15,'Z1 HAB CLASS'!$L$3:$N$9,2,FALSE)," ") | J15: =IFERROR(VLOOKUP(I15,'Z3 CONDITION VALUE'!$A$3:$B$5,2,FALSE)," ") | K15: {=IFERROR(INDEX('Z7 TARGET CREATION'!$C$3:$F$40,MATCH(E15,'Z7 TARGET CREATION'!$B$3:$B$40,0),MATCH(I15,'Z7 TARGET CREATION'!$C$2:$F$2,0)),"")} | L15: =IF(E15="","",VLOOKUP(E15,'Z7 TARGET CREATION'!$G$3:$I$40,3,FALSE)) | M15: =IF(E15="","",VLOOKUP(E15,'Z7 TARGET CREATION'!$G$3:$H$40,2, FALSE)) | N15: =IFERROR(F15*H15*J15*M15, "") | S15: =IF(F15="",0,1) -> 0
D16: 10 | G16: =IFERROR(VLOOKUP(E16,'Z1 HAB CLASS'!$D$4:$E$45,2,FALSE)," ") | H16: =IFERROR(VLOOKUP(G16,'Z1 HAB CLASS'!$L$3:$N$9,2,FALSE)," ") | J16: =IFERROR(VLOOKUP(I16,'Z3 CONDITION VALUE'!$A$3:$B$5,2,FALSE)," ") | K16: {=IFERROR(INDEX('Z7 TARGET CREATION'!$C$3:$F$40,MATCH(E16,'Z7 TARGET CREATION'!$B$3:$B$40,0),MATCH(I16,'Z7 TARGET CREATION'!$C$2:$F$2,0)),"")} | L16: =IF(E16="","",VLOOKUP(E16,'Z7 TARGET CREATION'!$G$3:$I$40,3,FALSE)) | M16: =IF(E16="","",VLOOKUP(E16,'Z7 TARGET CREATION'!$G$3:$H$40,2, FALSE)) | N16: =IFERROR(F16*H16*J16*M16, "") | S16: =IF(F16="",0,1) -> 0
D17: 11 | G17: =IFERROR(VLOOKUP(E17,'Z1 HAB CLASS'!$D$4:$E$45,2,FALSE)," ") | H17: =IFERROR(VLOOKUP(G17,'Z1 HAB CLASS'!$L$3:$N$9,2,FALSE)," ") | J17: =IFERROR(VLOOKUP(I17,'Z3 CONDITION VALUE'!$A$3:$B$5,2,FALSE)," ") | K17: {=IFERROR(INDEX('Z7 TARGET CREATION'!$C$3:$F$40,MATCH(E17,'Z7 TARGET CREATION'!$B$3:$B$40,0),MATCH(I17,'Z7 TARGET CREATION'!$C$2:$F$2,0)),"")} | L17: =IF(E17="","",VLOOKUP(E17,'Z7 TARGET CREATION'!$G$3:$I$40,3,FALSE)) | M17: =IF(E17="","",VLOOKUP(E17,'Z7 TARGET CREATION'!$G$3:$H$40,2, FALSE)) | N17: =IFERROR(F17*H17*J17*M17, "") | S17: =IF(F17="",0,1) -> 0
D18: 12 | G18: =IFERROR(VLOOKUP(E18,'Z1 HAB CLASS'!$D$4:$E$45,2,FALSE)," ") | H18: =IFERROR(VLOOKUP(G18,'Z1 HAB CLASS'!$L$3:$N$9,2,FALSE)," ") | J18: =IFERROR(VLOOKUP(I18,'Z3 CONDITION VALUE'!$A$3:$B$5,2,FALSE)," ") | K18: {=IFERROR(INDEX('Z7 TARGET CREATION'!$C$3:$F$40,MATCH(E18,'Z7 TARGET CREATION'!$B$3:$B$40,0),MATCH(I18,'Z7 TARGET CREATION'!$C$2:$F$2,0)),"")} | L18: =IF(E18="","",VLOOKUP(E18,'Z7 TARGET CREATION'!$G$3:$I$40,3,FALSE)) | M18: =IF(E18="","",VLOOKUP(E18,'Z7 TARGET CREATION'!$G$3:$H$40,2, FALSE)) | N18: =IFERROR(F18*H18*J18*M18, "") | S18: =IF(F18="",0,1) -> 0
... D254: 248 | G254: =IFERROR(VLOOKUP(E254,'Z1 HAB CLASS'!$D$4:$E$45,2,FALSE)," ") | H254: =IFERROR(VLOOKUP(G254,'Z1 HAB CLASS'!$L$3:$N$9,2,FALSE)," ") | J254: =IFERROR(VLOOKUP(I254,'Z3 CONDITION VALUE'!$A$3:$B$5,2,FALSE)," ") | K254: {=IFERROR(INDEX('Z7 TARGET CREATION'!$C$3:$F$40,MATCH(E254,'Z7 TARGET CREATION'!$B$3:$B$40,0),MATCH(I254,'Z7 TARGET CREATION'!$C$2:$F$2,0)),"")} | L254: =IF(E254="","",VLOOKUP(E254,'Z7 TARGET CREATION'!$G$3:$I$40,3,FALSE)) | M254: =IF(E254="","",VLOOKUP(E254,'Z7 TARGET CREATION'!$G$3:$H$40,2, FALSE)) | N254: =IFERROR(F254*H254*J254*M254, "") | S254: =IF(F254="",0,1) -> 0
E255: Total area | F255: =SUM(F7:F254) -> 0 | M255: Total | N255: =SUM(N7:N254) -> 0 | S255: =IF(F255="",0,1) -> 1
S256: =IF(F256="",0,1) -> 0

Sheet B3 Enhancement - FW
Z1: 1
D2: POST-DEVELOPMENT | Z2: 1
D3: ENHANCEMENT - FRESHWATER UNITS | Z3: 1
Z4: 1
E5: Habitats and Areas | I5: Habitat Trading (compensation requirement) | J5: Change | L5: Post-development | Q5: Change in Habitat Summary | T5: Time to Target Condition | U5: Difficulty of Enhancement | V5: Difficulty Multiplier | W5: Habitat Units Delivered | X5: Comments and justification | Z5: 1
D6: Baseline Ref | E6: Baseline Habitat | F6: Distinctiveness Score | G6: Condition Score | H6: Proposed Habitat | J6: Distinctiveness | K6: Condition | L6: Area (ha) | M6: Distinctiveness | N6: Distinctiveness Score | O6: Condition | P6: Condition Score | Q6: Existing Condition | R6: Existing Habitat/Condition | S6: Proposed Habitat/Condition | T6: No. Years | Z6: 1
D7: ='A1 Baseline - Terrestrial'!D8 -> 1 | E7: =IF(OR('B1 Baseline - FW'!E8="",'B1 Baseline - FW'!O8=0), "",'B1 Baseline - FW'!E8) | F7: =IF(E7="","",'B1 Baseline - FW'!H8) | G7: =IF(E7="","",'B1 Baseline - FW'!J8) | I7: =IF(E7="","",'B1 Baseline - FW'!K8) | J7: =IF(E7="","",IF(AND(E7=H7,G7>=P7),"Error - No Enhancement",IF(AND(E7=H7,G7<P7),"Acceptable",IF(F7>N7,"Trading Down - Unacceptable Change",IF(F7=N7,"Error - No Enhancement",'B1 Baseline - FW'!G8&" - "&IFERROR(VLOOKUP(H7,'Z1 HAB CLASS'!$D$4:$E$45,2,FALSE),"")))))) | K7: =IF(E7="","",IF(AND(E7=H7, G7>=P7), "Error - No Enhancement", IF(AND(E7=H7,G7<P7), 'B1 Baseline - FW'!I8&" - "&'B3 Enhancement - FW'!O7, IF(F7>N7, "Trading Down - Unacceptable Change", IF(AND(F7=N7, G7=P7), "Error - No Enhancement", IF(AND(F7=N7, G7>P7), "Error - Cannot reduce condition", IF(AND(E7<>H7,F7<N7),"Lower Distinctiveness Habitat"&" - "&O7, 'B1 Baseline - FW'!I8&" - "&'B3 Enhancement - FW'!O7))))))) | L7: =IF(E7="","",'B1 Baseline - FW'!O8) | M7: =IFERROR(VLOOKUP(H7,'Z1 HAB CLASS'!$D$4:$E$45,2,FALSE)," ") | N7: =IFERROR(VLOOKUP(M7,'Z1 HAB CLASS'!$L$3:$N$9,2,FALSE)," ") | P7: =IFERROR(VLOOKUP(O7,'Z3 CONDITION VALUE'!$A$3:$B$5,2,FALSE)," ") | Q7: =IF(OR('B1 Baseline - FW'!E8="", 'B1 Baseline - FW'!O8=0),"",'B1 Baseline - FW'!I8&"") | R7: =_xludf.TEXTJOIN("/",TRUE,E7,Q7) -> #NAME? | S7: =_xludf.TEXTJOIN("/",TRUE,H7,O7) -> #NAME? | T7: {=IF(OR(R7="",S7=""),"",INDEX('Z8 TARGET ENH'!$F$6:$EO$145,_xludf.XMATCH(R7,'Z8 TARGET ENH'!$B$6:$B$145),_xludf.XMATCH(S7,'Z8 TARGET ENH'!$F$2:$EO$2)))} -> #NAME? | U7: =IF(E7="","",VLOOKUP(H7,'Z8 TARGET ENH'!$FH$7:$FJ$38,2,FALSE)) | V7: =IF(E7="","",VLOOKUP(H7,'Z8 TARGET ENH'!$FH$7:$FJ$38,3,FALSE)) | W7: =IF(E7="","",IF(T7="Not possible",0,IFERROR(L7*N7*P7-L7*F7*G7*U7+L7*F7*G7, "Error"))) | Z7: =IF(E7="",0,1) -> 0
D8: ='A1 Baseline - Terrestrial'!D9 -> 2 | E8: =IF(OR('B1 Baseline - FW'!E9="",'B1 Baseline - FW'!O9=0), "",'B1 Baseline - FW'!E9) | F8: =IF(E8="","",'B1 Baseline - FW'!H9) | G8: =IF(E8="","",'B1 Baseline - FW'!J9) | I8: =IF(E8="","",'B1 Baseline - FW'!K9) | J8: =IF(E8="","",IF(AND(E8=H8,G8>=P8),"Error - No Enhancement",IF(AND(E8=H8,G8<P8),"Acceptable",IF(F8>N8,"Trading Down - Unacceptable Change",IF(F8=N8,"Error - No Enhancement",'B1 Baseline - FW'!G9&" - "&IFERROR(VLOOKUP(H8,'Z1 HAB CLASS'!$D$4:$E$45,2,FALSE),"")))))) | K8: =IF(E8="","",IF(AND(E8=H8, G8>=P8), "Error - No Enhancement", IF(AND(E8=H8,G8<P8), 'B1 Baseline - FW'!I9&" - "&'B3 Enhancement - FW'!O8, IF(F8>N8, "Trading Down - Unacceptable Change", IF(AND(F8=N8, G8=P8), "Error - No Enhancement", IF(AND(F8=N8, G8>P8), "Error - Cannot reduce condition", IF(AND(E8<>H8,F8<N8),"Lower Distinctiveness Habitat"&" - "&O8, 'B1 Baseline - FW'!I9&" - "&'B3 Enhancement - FW'!O8))))))) | L8: =IF(E8="","",'B1 Baseline - FW'!O9) | M8: =IFERROR(VLOOKUP(H8,'Z1 HAB CLASS'!$D$4:$E$45,2,FALSE)," ") | N8: =IFERROR(VLOOKUP(M8,'Z1 HAB CLASS'!$L$3:$N$9,2,FALSE)," ") | P8: =IFERROR(VLOOKUP(O8,'Z3 CONDITION VALUE'!$A$3:$B$5,2,FALSE)," ") | Q8: =IF(OR('B1 Baseline - FW'!E9="", 'B1 Baseline - FW'!O9=0),"",'B1 Baseline - FW'!I9&"") | R8: =_xludf.TEXTJOIN("/",TRUE,E8,Q8) -> #NAME? | S8: =_xludf.TEXTJOIN("/",TRUE,H8,O8) -> #NAME? | T8: {=IF(OR(R8="",S8=""),"",INDEX('Z8 TARGET ENH'!$F$6:$EO$145,_xludf.XMATCH(R8,'Z8 TARGET ENH'!$B$6:$B$145),_xludf.XMATCH(S8,'Z8 TARGET ENH'!$F$2:$EO$2)))} -> #NAME? | U8: =IF(E8="","",VLOOKUP(H8,'Z8 TARGET ENH'!$FH$7:$FJ$38,2,FALSE)) | V8: =IF(E8="","",VLOOKUP(H8,'Z8 TARGET ENH'!$FH$7:$FJ$38,3,FALSE)) | W8: =IF(E8="","",IF(T8="Not possible",0,IFERROR(L8*N8*P8-L8*F8*G8*U8+L8*F8*G8, "Error"))) | Z8: =IF(E8="",0,1) -> 0
D9: ='A1 Baseline - Terrestrial'!D10 -> 3 | E9: =IF(OR('B1 Baseline - FW'!E10="",'B1 Baseline - FW'!O10=0), "",'B1 Baseline - FW'!E10) | F9: =IF(E9="","",'B1 Baseline - FW'!H10) | G9: =IF(E9="","",'B1 Baseline - FW'!J10) | I9: =IF(E9="","",'B1 Baseline - FW'!K10) | J9: =IF(E9="","",IF(AND(E9=H9,G9>=P9),"Error - No Enhancement",IF(AND(E9=H9,G9<P9),"Acceptable",IF(F9>N9,"Trading Down - Unacceptable Change",IF(F9=N9,"Error - No Enhancement",'B1 Baseline - FW'!G10&" - "&IFERROR(VLOOKUP(H9,'Z1 HAB CLASS'!$D$4:$E$45,2,FALSE),"")))))) | K9: =IF(E9="","",IF(AND(E9=H9, G9>=P9), "Error - No Enhancement", IF(AND(E9=H9,G9<P9), 'B1 Baseline - FW'!I10&" - "&'B3 Enhancement - FW'!O9, IF(F9>N9, "Trading Down - Unacceptable Change", IF(AND(F9=N9, G9=P9), "Error - No Enhancement", IF(AND(F9=N9, G9>P9), "Error - Cannot reduce condition", IF(AND(E9<>H9,F9<N9),"Lower Distinctiveness Habitat"&" - "&O9, 'B1 Baseline - FW'!I10&" - "&'B3 Enhancement - FW'!O9))))))) | L9: =IF(E9="","",'B1 Baseline - FW'!O10) | M9: =IFERROR(VLOOKUP(H9,'Z1 HAB CLASS'!$D$4:$E$45,2,FALSE)," ") | N9: =IFERROR(VLOOKUP(M9,'Z1 HAB CLASS'!$L$3:$N$9,2,FALSE)," ") | P9: =IFERROR(VLOOKUP(O9,'Z3 CONDITION VALUE'!$A$3:$B$5,2,FALSE)," ") | Q9: =IF(OR('B1 Baseline - FW'!E10="", 'B1 Baseline - FW'!O10=0),"",'B1 Baseline - FW'!I10&"") | R9: =_xludf.TEXTJOIN("/",TRUE,E9,Q9) -> #NAME? | S9: =_xludf.TEXTJOIN("/",TRUE,H9,O9) -> #NAME? | T9: {=IF(OR(R9="",S9=""),"",INDEX('Z8 TARGET ENH'!$F$6:$EO$145,_xludf.XMATCH(R9,'Z8 TARGET ENH'!$B$6:$B$145),_xludf.XMATCH(S9,'Z8 TARGET ENH'!$F$2:$EO$2)))} -> #NAME? | U9: =IF(E9="","",VLOOKUP(H9,'Z8 TARGET ENH'!$FH$7:$FJ$38,2,FALSE)) | V9: =IF(E9="","",VLOOKUP(H9,'Z8 TARGET ENH'!$FH$7:$FJ$38,3,FALSE)) | W9: =IF(E9="","",IF(T9="Not possible",0,IFERROR(L9*N9*P9-L9*F9*G9*U9+L9*F9*G9, "Error"))) | Z9: =IF(E9="",0,1) -> 0
D10: ='A1 Baseline - Terrestrial'!D11 -> 4 | E10: =IF(OR('B1 Baseline - FW'!E11="",'B1 Baseline - FW'!O11=0), "",'B1 Baseline - FW'!E11) | F10: =IF(E10="","",'B1 Baseline - FW'!H11) | G10: =IF(E10="","",'B1 Baseline - FW'!J11) | J10: =IF(E10="","",IF(AND(E10=H10,G10>=P10),"Error - No Enhancement",IF(AND(E10=H10,G10<P10),"Acceptable",IF(F10>N10,"Trading Down - Unacceptable Change",IF(F10=N10,"Error - No Enhancement",'B1 Baseline - FW'!G11&" - "&IFERROR(VLOOKUP(H10,'Z1 HAB CLASS'!$D$4:$E$45,2,FALSE),"")))))) | K10: =IF(E10="","",IF(AND(E10=H10, G10>=P10), "Error - No Enhancement", IF(AND(E10=H10,G10<P10), 'B1 Baseline - FW'!I11&" - "&'B3 Enhancement - FW'!O10, IF(F10>N10, "Trading Down - Unacceptable Change", IF(AND(F10=N10, G10=P10), "Error - No Enhancement", IF(AND(F10=N10, G10>P10), "Error - Cannot reduce condition", IF(AND(E10<>H10,F10<N10),"Lower Distinctiveness Habitat"&" - "&O10, 'B1 Baseline - FW'!I11&" - "&'B3 Enhancement - FW'!O10))))))) | L10: =IF(E10="","",'B1 Baseline - FW'!O11) | M10: =IFERROR(VLOOKUP(H10,'Z1 HAB CLASS'!$D$4:$E$45,2,FALSE)," ") | N10: =IFERROR(VLOOKUP(M10,'Z1 HAB CLASS'!$L$3:$N$9,2,FALSE)," ") | P10: =IFERROR(VLOOKUP(O10,'Z3 CONDITION VALUE'!$A$3:$B$5,2,FALSE)," ") | Q10: =IF(OR('B1 Baseline - FW'!E11="", 'B1 Baseline - FW'!O11=0),"",'B1 Baseline - FW'!I11&"") | R10: =_xludf.TEXTJOIN("/",TRUE,E10,Q10) -> #NAME? | S10: =_xludf.TEXTJOIN("/",TRUE,H10,O10) -> #NAME? | T10: {=IF(OR(R10="",S10=""),"",INDEX('Z8 TARGET ENH'!$F$6:$EO$145,_xludf.XMATCH(R10,'Z8 TARGET ENH'!$B$6:$B$145),_xludf.XMATCH(S10,'Z8 TARGET ENH'!$F$2:$EO$2)))} -> #NAME? | U10: =IF(E10="","",VLOOKUP(H10,'Z8 TARGET ENH'!$FH$7:$FJ$38,2,FALSE)) | V10: =IF(E10="","",VLOOKUP(H10,'Z8 TARGET ENH'!$FH$7:$FJ$38,3,FALSE)) | W10: =IF(E10="","",IF(T10="Not possible",0,IFERROR(L10*N10*P10-L10*F10*G10*U10+L10*F10*G10, "Error"))) | Z10: =IF(E10="",0,1) -> 0
D11: ='A1 Baseline - Terrestrial'!D12 -> 5 | E11: =IF(OR('B1 Baseline - FW'!E12="",'B1 Baseline - FW'!O12=0), "",'B1 Baseline - FW'!E12) | F11: =IF(E11="","",'B1 Baseline - FW'!H12) | G11: =IF(E11="","",'B1 Baseline - FW'!J12) | J11: =IF(E11="","",IF(AND(E11=H11,G11>=P11),"Error - No Enhancement",IF(AND(E11=H11,G11<P11),"Acceptable",IF(F11>N11,"Trading Down - Unacceptable Change",IF(F11=N11,"Error - No Enhancement",'B1 Baseline - FW'!G12&" - "&IFERROR(VLOOKUP(H11,'Z1 HAB CLASS'!$D$4:$E$45,2,FALSE),"")))))) | K11: =IF(E11="","",IF(AND(E11=H11, G11>=P11), "Error - No Enhancement", IF(AND(E11=H11,G11<P11), 'B1 Baseline - FW'!I12&" - "&'B3 Enhancement - FW'!O11, IF(F11>N11, "Trading Down - Unacceptable Change", IF(AND(F11=N11, G11=P11), "Error - No Enhancement", IF(AND(F11=N11, G11>P11), "Error - Cannot reduce condition", IF(AND(E11<>H11,F11<N11),"Lower Distinctiveness Habitat"&" - "&O11, 'B1 Baseline - FW'!I12&" - "&'B3 Enhancement - FW'!O11))))))) | L11: =IF(E11="","",'B1 Baseline - FW'!O12) | M11: =IFERROR(VLOOKUP(H11,'Z1 HAB CLASS'!$D$4:$E$45,2,FALSE)," ") | N11: =IFERROR(VLOOKUP(M11,'Z1 HAB CLASS'!$L$3:$N$9,2,FALSE)," ") | P11: =IFERROR(VLOOKUP(O11,'Z3 CONDITION VALUE'!$A$3:$B$5,2,FALSE)," ") | Q11: =IF(OR('B1 Baseline - FW'!E12="", 'B1 Baseline - FW'!O12=0),"",'B1 Baseline - FW'!I12&"") | R11: =_xludf.TEXTJOIN("/",TRUE,E11,Q11) -> #NAME? | S11: =_xludf.TEXTJOIN("/",TRUE,H11,O11) -> #NAME? | T11: {=IF(OR(R11="",S11=""),"",INDEX('Z8 TARGET ENH'!$F$6:$EO$145,_xludf.XMATCH(R11,'Z8 TARGET ENH'!$B$6:$B$145),_xludf.XMATCH(S11,'Z8 TARGET ENH'!$F$2:$EO$2)))} -> #NAME? | U11: =IF(E11="","",VLOOKUP(H11,'Z8 TARGET ENH'!$FH$7:$FJ$38,2,FALSE)) | V11: =IF(E11="","",VLOOKUP(H11,'Z8 TARGET ENH'!$FH$7:$FJ$38,3,FALSE)) | W11: =IF(E11="","",IF(T11="Not possible",0,IFERROR(L11*N11*P11-L11*F11*G11*U11+L11*F11*G11, "Error"))) | Z11: =IF(E11="",0,1) -> 0
D12: ='A1 Baseline - Terrestrial'!D13 -> 6 | E12: =IF(OR('B1 Baseline - FW'!E13="",'B1 Baseline - FW'!O13=0), "",'B1 Baseline - FW'!E13) | F12: =IF(E12="","",'B1 Baseline - FW'!H13) | G12: =IF(E12="","",'B1 Baseline - FW'!J13) | J12: =IF(E12="","",IF(AND(E12=H12,G12>=P12),"Error - No Enhancement",IF(AND(E12=H12,G12<P12),"Acceptable",IF(F12>N12,"Trading Down - Unacceptable Change",IF(F12=N12,"Error - No Enhancement",'B1 Baseline - FW'!G13&" - "&IFERROR(VLOOKUP(H12,'Z1 HAB CLASS'!$D$4:$E$45,2,FALSE),"")))))) | K12: =IF(E12="","",IF(AND(E12=H12, G12>=P12), "Error - No Enhancement", IF(AND(E12=H12,G12<P12), 'B1 Baseline - FW'!I13&" - "&'B3 Enhancement - FW'!O12, IF(F12>N12, "Trading Down - Unacceptable Change", IF(AND(F12=N12, G12=P12), "Error - No Enhancement", IF(AND(F12=N12, G12>P12), "Error - Cannot reduce condition", IF(AND(E12<>H12,F12<N12),"Lower Distinctiveness Habitat"&" - "&O12, 'B1 Baseline - FW'!I13&" - "&'B3 Enhancement - FW'!O12))))))) | L12: =IF(E12="","",'B1 Baseline - FW'!O13) | M12: =IFERROR(VLOOKUP(H12,'Z1 HAB CLASS'!$D$4:$E$45,2,FALSE)," ") | N12: =IFERROR(VLOOKUP(M12,'Z1 HAB CLASS'!$L$3:$N$9,2,FALSE)," ") | P12: =IFERROR(VLOOKUP(O12,'Z3 CONDITION VALUE'!$A$3:$B$5,2,FALSE)," ") | Q12: =IF(OR('B1 Baseline - FW'!E13="", 'B1 Baseline - FW'!O13=0),"",'B1 Baseline - FW'!I13&"") | R12: =_xludf.TEXTJOIN("/",TRUE,E12,Q12) -> #NAME? | S12: =_xludf.TEXTJOIN("/",TRUE,H12,O12) -> #NAME? | T12: {=IF(OR(R12="",S12=""),"",INDEX('Z8 TARGET ENH'!$F$6:$EO$145,_xludf.XMATCH(R12,'Z8 TARGET ENH'!$B$6:$B$145),_xludf.XMATCH(S12,'Z8 TARGET ENH'!$F$2:$EO$2)))} -> #NAME? | U12: =IF(E12="","",VLOOKUP(H12,'Z8 TARGET ENH'!$FH$7:$FJ$38,2,FALSE)) | V12: =IF(E12="","",VLOOKUP(H12,'Z8 TARGET ENH'!$FH$7:$FJ$38,3,FALSE)) | W12: =IF(E12="","",IF(T12="Not possible",0,IFERROR(L12*N12*P12-L12*F12*G12*U12+L12*F12*G12, "Error"))) | Z12: =IF(E12="",0,1) -> 0
D13: ='A1 Baseline - Terrestrial'!D14 -> 7 | E13: =IF(OR('B1 Baseline - FW'!E14="",'B1 Baseline - FW'!O14=0), "",'B1 Baseline - FW'!E14) | F13: =IF(E13="","",'B1 Baseline - FW'!H14) | G13: =IF(E13="","",'B1 Baseline - FW'!J14) | J13: =IF(E13="","",IF(AND(E13=H13,G13>=P13),"Error - No Enhancement",IF(AND(E13=H13,G13<P13),"Acceptable",IF(F13>N13,"Trading Down - Unacceptable Change",IF(F13=N13,"Error - No Enhancement",'B1 Baseline - FW'!G14&" - "&IFERROR(VLOOKUP(H13,'Z1 HAB CLASS'!$D$4:$E$45,2,FALSE),"")))))) | K13: =IF(E13="","",IF(AND(E13=H13, G13>=P13), "Error - No Enhancement", IF(AND(E13=H13,G13<P13), 'B1 Baseline - FW'!I14&" - "&'B3 Enhancement - FW'!O13, IF(F13>N13, "Trading Down - Unacceptable Change", IF(AND(F13=N13, G13=P13), "Error - No Enhancement", IF(AND(F13=N13, G13>P13), "Error - Cannot reduce condition", IF(AND(E13<>H13,F13<N13),"Lower Distinctiveness Habitat"&" - "&O13, 'B1 Baseline - FW'!I14&" - "&'B3 Enhancement - FW'!O13))))))) | L13: =IF(E13="","",'B1 Baseline - FW'!O14) | M13: =IFERROR(VLOOKUP(H13,'Z1 HAB CLASS'!$D$4:$E$45,2,FALSE)," ") | N13: =IFERROR(VLOOKUP(M13,'Z1 HAB CLASS'!$L$3:$N$9,2,FALSE)," ") | P13: =IFERROR(VLOOKUP(O13,'Z3 CONDITION VALUE'!$A$3:$B$5,2,FALSE)," ") | Q13: =IF(OR('B1 Baseline - FW'!E14="", 'B1 Baseline - FW'!O14=0),"",'B1 Baseline - FW'!I14&"") | R13: =_xludf.TEXTJOIN("/",TRUE,E13,Q13) -> #NAME? | S13: =_xludf.TEXTJOIN("/",TRUE,H13,O13) -> #NAME? | T13: {=IF(OR(R13="",S13=""),"",INDEX('Z8 TARGET ENH'!$F$6:$EO$145,_xludf.XMATCH(R13,'Z8 TARGET ENH'!$B$6:$B$145),_xludf.XMATCH(S13,'Z8 TARGET ENH'!$F$2:$EO$2)))} -> #NAME? | U13: =IF(E13="","",VLOOKUP(H13,'Z8 TARGET ENH'!$FH$7:$FJ$38,2,FALSE)) | V13: =IF(E13="","",VLOOKUP(H13,'Z8 TARGET ENH'!$FH$7:$FJ$38,3,FALSE)) | W13: =IF(E13="","",IF(T13="Not possible",0,IFERROR(L13*N13*P13-L13*F13*G13*U13+L13*F13*G13, "Error"))) | Z13: =IF(E13="",0,1) -> 0
D14: ='A1 Baseline - Terrestrial'!D15 -> 8 | E14: =IF(OR('B1 Baseline - FW'!E15="",'B1 Baseline - FW'!O15=0), "",'B1 Baseline - FW'!E15) | F14: =IF(E14="","",'B1 Baseline - FW'!H15) | G14: =IF(E14="","",'B1 Baseline - FW'!J15) | J14: =IF(E14="","",IF(AND(E14=H14,G14>=P14),"Error - No Enhancement",IF(AND(E14=H14,G14<P14),"Acceptable",IF(F14>N14,"Trading Down - Unacceptable Change",IF(F14=N14,"Error - No Enhancement",'B1 Baseline - FW'!G15&" - "&IFERROR(VLOOKUP(H14,'Z1 HAB CLASS'!$D$4:$E$45,2,FALSE),"")))))) | K14: =IF(E14="","",IF(AND(E14=H14, G14>=P14), "Error - No Enhancement", IF(AND(E14=H14,G14<P14), 'B1 Baseline - FW'!I15&" - "&'B3 Enhancement - FW'!O14, IF(F14>N14, "Trading Down - Unacceptable Change", IF(AND(F14=N14, G14=P14), "Error - No Enhancement", IF(AND(F14=N14, G14>P14), "Error - Cannot reduce condition", IF(AND(E14<>H14,F14<N14),"Lower Distinctiveness Habitat"&" - "&O14, 'B1 Baseline - FW'!I15&" - "&'B3 Enhancement - FW'!O14))))))) | L14: =IF(E14="","",'B1 Baseline - FW'!O15) | M14: =IFERROR(VLOOKUP(H14,'Z1 HAB CLASS'!$D$4:$E$45,2,FALSE)," ") | N14: =IFERROR(VLOOKUP(M14,'Z1 HAB CLASS'!$L$3:$N$9,2,FALSE)," ") | P14: =IFERROR(VLOOKUP(O14,'Z3 CONDITION VALUE'!$A$3:$B$5,2,FALSE)," ") | Q14: =IF(OR('B1 Baseline - FW'!E15="", 'B1 Baseline - FW'!O15=0),"",'B1 Baseline - FW'!I15&"") | R14: =_xludf.TEXTJOIN("/",TRUE,E14,Q14) -> #NAME? | S14: =_xludf.TEXTJOIN("/",TRUE,H14,O14) -> #NAME? | T14: {=IF(OR(R14="",S14=""),"",INDEX('Z8 TARGET ENH'!$F$6:$EO$145,_xludf.XMATCH(R14,'Z8 TARGET ENH'!$B$6:$B$145),_xludf.XMATCH(S14,'Z8 TARGET ENH'!$F$2:$EO$2)))} -> #NAME? | U14: =IF(E14="","",VLOOKUP(H14,'Z8 TARGET ENH'!$FH$7:$FJ$38,2,FALSE)) | V14: =IF(E14="","",VLOOKUP(H14,'Z8 TARGET ENH'!$FH$7:$FJ$38,3,FALSE)) | W14: =IF(E14="","",IF(T14="Not possible",0,IFERROR(L14*N14*P14-L14*F14*G14*U14+L14*F14*G14, "Error"))) | Z14: =IF(E14="",0,1) -> 0
D15: ='A1 Baseline - Terrestrial'!D16 -> 9 | E15: =IF(OR('B1 Baseline - FW'!E16="",'B1 Baseline - FW'!O16=0), "",'B1 Baseline - FW'!E16) | F15: =IF(E15="","",'B1 Baseline - FW'!H16) | G15: =IF(E15="","",'B1 Baseline - FW'!J16) | J15: =IF(E15="","",IF(AND(E15=H15,G15>=P15),"Error - No Enhancement",IF(AND(E15=H15,G15<P15),"Acceptable",IF(F15>N15,"Trading Down - Unacceptable Change",IF(F15=N15,"Error - No Enhancement",'B1 Baseline - FW'!G16&" - "&IFERROR(VLOOKUP(H15,'Z1 HAB CLASS'!$D$4:$E$45,2,FALSE),"")))))) | K15: =IF(E15="","",IF(AND(E15=H15, G15>=P15), "Error - No Enhancement", IF(AND(E15=H15,G15<P15), 'B1 Baseline - FW'!I16&" - "&'B3 Enhancement - FW'!O15, IF(F15>N15, "Trading Down - Unacceptable Change", IF(AND(F15=N15, G15=P15), "Error - No Enhancement", IF(AND(F15=N15, G15>P15), "Error - Cannot reduce condition", IF(AND(E15<>H15,F15<N15),"Lower Distinctiveness Habitat"&" - "&O15, 'B1 Baseline - FW'!I16&" - "&'B3 Enhancement - FW'!O15))))))) | L15: =IF(E15="","",'B1 Baseline - FW'!O16) | M15: =IFERROR(VLOOKUP(H15,'Z1 HAB CLASS'!$D$4:$E$45,2,FALSE)," ") | N15: =IFERROR(VLOOKUP(M15,'Z1 HAB CLASS'!$L$3:$N$9,2,FALSE)," ") | P15: =IFERROR(VLOOKUP(O15,'Z3 CONDITION VALUE'!$A$3:$B$5,2,FALSE)," ") | Q15: =IF(OR('B1 Baseline - FW'!E16="", 'B1 Baseline - FW'!O16=0),"",'B1 Baseline - FW'!I16&"") | R15: =_xludf.TEXTJOIN("/",TRUE,E15,Q15) -> #NAME? | S15: =_xludf.TEXTJOIN("/",TRUE,H15,O15) -> #NAME? | T15: {=IF(OR(R15="",S15=""),"",INDEX('Z8 TARGET ENH'!$F$6:$EO$145,_xludf.XMATCH(R15,'Z8 TARGET ENH'!$B$6:$B$145),_xludf.XMATCH(S15,'Z8 TARGET ENH'!$F$2:$EO$2)))} -> #NAME? | U15: =IF(E15="","",VLOOKUP(H15,'Z8 TARGET ENH'!$FH$7:$FJ$38,2,FALSE)) | V15: =IF(E15="","",VLOOKUP(H15,'Z8 TARGET ENH'!$FH$7:$FJ$38,3,FALSE)) | W15: =IF(E15="","",IF(T15="Not possible",0,IFERROR(L15*N15*P15-L15*F15*G15*U15+L15*F15*G15, "Error"))) | Z15: =IF(E15="",0,1) -> 0
D16: ='A1 Baseline - Terrestrial'!D17 -> 10 | E16: =IF(OR('B1 Baseline - FW'!E17="",'B1 Baseline - FW'!O17=0), "",'B1 Baseline - FW'!E17) | F16: =IF(E16="","",'B1 Baseline - FW'!H17) | G16: =IF(E16="","",'B1 Baseline - FW'!J17) | J16: =IF(E16="","",IF(AND(E16=H16,G16>=P16),"Error - No Enhancement",IF(AND(E16=H16,G16<P16),"Acceptable",IF(F16>N16,"Trading Down - Unacceptable Change",IF(F16=N16,"Error - No Enhancement",'B1 Baseline - FW'!G17&" - "&IFERROR(VLOOKUP(H16,'Z1 HAB CLASS'!$D$4:$E$45,2,FALSE),"")))))) | K16: =IF(E16="","",IF(AND(E16=H16, G16>=P16), "Error - No Enhancement", IF(AND(E16=H16,G16<P16), 'B1 Baseline - FW'!I17&" - "&'B3 Enhancement - FW'!O16, IF(F16>N16, "Trading Down - Unacceptable Change", IF(AND(F16=N16, G16=P16), "Error - No Enhancement", IF(AND(F16=N16, G16>P16), "Error - Cannot reduce condition", IF(AND(E16<>H16,F16<N16),"Lower Distinctiveness Habitat"&" - "&O16, 'B1 Baseline - FW'!I17&" - "&'B3 Enhancement - FW'!O16))))))) | L16: =IF(E16="","",'B1 Baseline - FW'!O17) | M16: =IFERROR(VLOOKUP(H16,'Z1 HAB CLASS'!$D$4:$E$45,2,FALSE)," ") | N16: =IFERROR(VLOOKUP(M16,'Z1 HAB CLASS'!$L$3:$N$9,2,FALSE)," ") | P16: =IFERROR(VLOOKUP(O16,'Z3 CONDITION VALUE'!$A$3:$B$5,2,FALSE)," ") | Q16: =IF(OR('B1 Baseline - FW'!E17="", 'B1 Baseline - FW'!O17=0),"",'B1 Baseline - FW'!I17&"") | R16: =_xludf.TEXTJOIN("/",TRUE,E16,Q16) -> #NAME? | S16: =_xludf.TEXTJOIN("/",TRUE,H16,O16) -> #NAME? | T16: {=IF(OR(R16="",S16=""),"",INDEX('Z8 TARGET ENH'!$F$6:$EO$145,_xludf.XMATCH(R16,'Z8 TARGET ENH'!$B$6:$B$145),_xludf.XMATCH(S16,'Z8 TARGET ENH'!$F$2:$EO$2)))} -> #NAME? | U16: =IF(E16="","",VLOOKUP(H16,'Z8 TARGET ENH'!$FH$7:$FJ$38,2,FALSE)) | V16: =IF(E16="","",VLOOKUP(H16,'Z8 TARGET ENH'!$FH$7:$FJ$38,3,FALSE)) | W16: =IF(E16="","",IF(T16="Not possible",0,IFERROR(L16*N16*P16-L16*F16*G16*U16+L16*F16*G16, "Error"))) | Z16: =IF(E16="",0,1) -> 0
D17: ='A1 Baseline - Terrestrial'!D18 -> 11 | E17: =IF(OR('B1 Baseline - FW'!E18="",'B1 Baseline - FW'!O18=0), "",'B1 Baseline - FW'!E18) | F17: =IF(E17="","",'B1 Baseline - FW'!H18) | G17: =IF(E17="","",'B1 Baseline - FW'!J18) | J17: =IF(E17="","",IF(AND(E17=H17,G17>=P17),"Error - No Enhancement",IF(AND(E17=H17,G17<P17),"Acceptable",IF(F17>N17,"Trading Down - Unacceptable Change",IF(F17=N17,"Error - No Enhancement",'B1 Baseline - FW'!G18&" - "&IFERROR(VLOOKUP(H17,'Z1 HAB CLASS'!$D$4:$E$45,2,FALSE),"")))))) | K17: =IF(E17="","",IF(AND(E17=H17, G17>=P17), "Error - No Enhancement", IF(AND(E17=H17,G17<P17), 'B1 Baseline - FW'!I18&" - "&'B3 Enhancement - FW'!O17, IF(F17>N17, "Trading Down - Unacceptable Change", IF(AND(F17=N17, G17=P17), "Error - No Enhancement", IF(AND(F17=N17, G17>P17), "Error - Cannot reduce condition", IF(AND(E17<>H17,F17<N17),"Lower Distinctiveness Habitat"&" - "&O17, 'B1 Baseline - FW'!I18&" - "&'B3 Enhancement - FW'!O17))))))) | L17: =IF(E17="","",'B1 Baseline - FW'!O18) | M17: =IFERROR(VLOOKUP(H17,'Z1 HAB CLASS'!$D$4:$E$45,2,FALSE)," ") | N17: =IFERROR(VLOOKUP(M17,'Z1 HAB CLASS'!$L$3:$N$9,2,FALSE)," ") | P17: =IFERROR(VLOOKUP(O17,'Z3 CONDITION VALUE'!$A$3:$B$5,2,FALSE)," ") | Q17: =IF(OR('B1 Baseline - FW'!E18="", 'B1 Baseline - FW'!O18=0),"",'B1 Baseline - FW'!I18&"") | R17: =_xludf.TEXTJOIN("/",TRUE,E17,Q17) -> #NAME? | S17: =_xludf.TEXTJOIN("/",TRUE,H17,O17) -> #NAME? | T17: {=IF(OR(R17="",S17=""),"",INDEX('Z8 TARGET ENH'!$F$6:$EO$145,_xludf.XMATCH(R17,'Z8 TARGET ENH'!$B$6:$B$145),_xludf.XMATCH(S17,'Z8 TARGET ENH'!$F$2:$EO$2)))} -> #NAME? | U17: =IF(E17="","",VLOOKUP(H17,'Z8 TARGET ENH'!$FH$7:$FJ$38,2,FALSE)) | V17: =IF(E17="","",VLOOKUP(H17,'Z8 TARGET ENH'!$FH$7:$FJ$38,3,FALSE)) | W17: =IF(E17="","",IF(T17="Not possible",0,IFERROR(L17*N17*P17-L17*F17*G17*U17+L17*F17*G17, "Error"))) | Z17: =IF(E17="",0,1) -> 0
D18: ='A1 Baseline - Terrestrial'!D19 -> 12 | E18: =IF(OR('B1 Baseline - FW'!E19="",'B1 Baseline - FW'!O19=0), "",'B1 Baseline - FW'!E19) | F18: =IF(E18="","",'B1 Baseline - FW'!H19) | G18: =IF(E18="","",'B1 Baseline - FW'!J19) | J18: =IF(E18="","",IF(AND(E18=H18,G18>=P18),"Error - No Enhancement",IF(AND(E18=H18,G18<P18),"Acceptable",IF(F18>N18,"Trading Down - Unacceptable Change",IF(F18=N18,"Error - No Enhancement",'B1 Baseline - FW'!G19&" - "&IFERROR(VLOOKUP(H18,'Z1 HAB CLASS'!$D$4:$E$45,2,FALSE),"")))))) | K18: =IF(E18="","",IF(AND(E18=H18, G18>=P18), "Error - No Enhancement", IF(AND(E18=H18,G18<P18), 'B1 Baseline - FW'!I19&" - "&'B3 Enhancement - FW'!O18, IF(F18>N18, "Trading Down - Unacceptable Change", IF(AND(F18=N18, G18=P18), "Error - No Enhancement", IF(AND(F18=N18, G18>P18), "Error - Cannot reduce condition", IF(AND(E18<>H18,F18<N18),"Lower Distinctiveness Habitat"&" - "&O18, 'B1 Baseline - FW'!I19&" - "&'B3 Enhancement - FW'!O18))))))) | L18: =IF(E18="","",'B1 Baseline - FW'!O19) | M18: =IFERROR(VLOOKUP(H18,'Z1 HAB CLASS'!$D$4:$E$45,2,FALSE)," ") | N18: =IFERROR(VLOOKUP(M18,'Z1 HAB CLASS'!$L$3:$N$9,2,FALSE)," ") | P18: =IFERROR(VLOOKUP(O18,'Z3 CONDITION VALUE'!$A$3:$B$5,2,FALSE)," ") | Q18: =IF(OR('B1 Baseline - FW'!E19="", 'B1 Baseline - FW'!O19=0),"",'B1 Baseline - FW'!I19&"") | R18: =_xludf.TEXTJOIN("/",TRUE,E18,Q18) -> #NAME? | S18: =_xludf.TEXTJOIN("/",TRUE,H18,O18) -> #NAME? | T18: {=IF(OR(R18="",S18=""),"",INDEX('Z8 TARGET ENH'!$F$6:$EO$145,_xludf.XMATCH(R18,'Z8 TARGET ENH'!$B$6:$B$145),_xludf.XMATCH(S18,'Z8 TARGET ENH'!$F$2:$EO$2)))} -> #NAME? | U18: =IF(E18="","",VLOOKUP(H18,'Z8 TARGET ENH'!$FH$7:$FJ$38,2,FALSE)) | V18: =IF(E18="","",VLOOKUP(H18,'Z8 TARGET ENH'!$FH$7:$FJ$38,3,FALSE)) | W18: =IF(E18="","",IF(T18="Not possible",0,IFERROR(L18*N18*P18-L18*F18*G18*U18+L18*F18*G18, "Error"))) | Z18: =IF(E18="",0,1) -> 0
D19: ='A1 Baseline - Terrestrial'!D20 -> 13 | E19: =IF(OR('B1 Baseline - FW'!E20="",'B1 Baseline - FW'!O20=0), "",'B1 Baseline - FW'!E20) | F19: =IF(E19="","",'B1 Baseline - FW'!H20) | G19: =IF(E19="","",'B1 Baseline - FW'!J20) | J19: =IF(E19="","",IF(AND(E19=H19,G19>=P19),"Error - No Enhancement",IF(AND(E19=H19,G19<P19),"Acceptable",IF(F19>N19,"Trading Down - Unacceptable Change",IF(F19=N19,"Error - No Enhancement",'B1 Baseline - FW'!G20&" - "&IFERROR(VLOOKUP(H19,'Z1 HAB CLASS'!$D$4:$E$45,2,FALSE),"")))))) | K19: =IF(E19="","",IF(AND(E19=H19, G19>=P19), "Error - No Enhancement", IF(AND(E19=H19,G19<P19), 'B1 Baseline - FW'!I20&" - "&'B3 Enhancement - FW'!O19, IF(F19>N19, "Trading Down - Unacceptable Change", IF(AND(F19=N19, G19=P19), "Error - No Enhancement", IF(AND(F19=N19, G19>P19), "Error - Cannot reduce condition", IF(AND(E19<>H19,F19<N19),"Lower Distinctiveness Habitat"&" - "&O19, 'B1 Baseline - FW'!I20&" - "&'B3 Enhancement - FW'!O19))))))) | L19: =IF(E19="","",'B1 Baseline - FW'!O20) | M19: =IFERROR(VLOOKUP(H19,'Z1 HAB CLASS'!$D$4:$E$45,2,FALSE)," ") | N19: =IFERROR(VLOOKUP(M19,'Z1 HAB CLASS'!$L$3:$N$9,2,FALSE)," ") | P19: =IFERROR(VLOOKUP(O19,'Z3 CONDITION VALUE'!$A$3:$B$5,2,FALSE)," ") | Q19: =IF(OR('B1 Baseline - FW'!E20="", 'B1 Baseline - FW'!O20=0),"",'B1 Baseline - FW'!I20&"") | R19: =_xludf.TEXTJOIN("/",TRUE,E19,Q19) -> #NAME? | S19: =_xludf.TEXTJOIN("/",TRUE,H19,O19) -> #NAME? | T19: {=IF(OR(R19="",S19=""),"",INDEX('Z8 TARGET ENH'!$F$6:$EO$145,_xludf.XMATCH(R19,'Z8 TARGET ENH'!$B$6:$B$145),_xludf.XMATCH(S19,'Z8 TARGET ENH'!$F$2:$EO$2)))} -> #NAME? | U19: =IF(E19="","",VLOOKUP(H19,'Z8 TARGET ENH'!$FH$7:$FJ$38,2,FALSE)) | V19: =IF(E19="","",VLOOKUP(H19,'Z8 TARGET ENH'!$FH$7:$FJ$38,3,FALSE)) | W19: =IF(E19="","",IF(T19="Not possible",0,IFERROR(L19*N19*P19-L19*F19*G19*U19+L19*F19*G19, "Error"))) | Z19: =IF(E19="",0,1) -> 0
D20: ='A1 Baseline - Terrestrial'!D21 -> 14 | E20: =IF(OR('B1 Baseline - FW'!E21="",'B1 Baseline - FW'!O21=0), "",'B1 Baseline - FW'!E21) | F20: =IF(E20="","",'B1 Baseline - FW'!H21) | G20: =IF(E20="","",'B1 Baseline - FW'!J21) | J20: =IF(E20="","",IF(AND(E20=H20,G20>=P20),"Error - No Enhancement",IF(AND(E20=H20,G20<P20),"Acceptable",IF(F20>N20,"Trading Down - Unacceptable Change",IF(F20=N20,"Error - No Enhancement",'B1 Baseline - FW'!G21&" - "&IFERROR(VLOOKUP(H20,'Z1 HAB CLASS'!$D$4:$E$45,2,FALSE),"")))))) | K20: =IF(E20="","",IF(AND(E20=H20, G20>=P20), "Error - No Enhancement", IF(AND(E20=H20,G20<P20), 'B1 Baseline - FW'!I21&" - "&'B3 Enhancement - FW'!O20, IF(F20>N20, "Trading Down - Unacceptable Change", IF(AND(F20=N20, G20=P20), "Error - No Enhancement", IF(AND(F20=N20, G20>P20), "Error - Cannot reduce condition", IF(AND(E20<>H20,F20<N20),"Lower Distinctiveness Habitat"&" - "&O20, 'B1 Baseline - FW'!I21&" - "&'B3 Enhancement - FW'!O20))))))) | L20: =IF(E20="","",'B1 Baseline - FW'!O21) | M20: =IFERROR(VLOOKUP(H20,'Z1 HAB CLASS'!$D$4:$E$45,2,FALSE)," ") | N20: =IFERROR(VLOOKUP(M20,'Z1 HAB CLASS'!$L$3:$N$9,2,FALSE)," ") | P20: =IFERROR(VLOOKUP(O20,'Z3 CONDITION VALUE'!$A$3:$B$5,2,FALSE)," ") | Q20: =IF(OR('B1 Baseline - FW'!E21="", 'B1 Baseline - FW'!O21=0),"",'B1 Baseline - FW'!I21&"") | R20: =_xludf.TEXTJOIN("/",TRUE,E20,Q20) -> #NAME? | S20: =_xludf.TEXTJOIN("/",TRUE,H20,O20) -> #NAME? | T20: {=IF(OR(R20="",S20=""),"",INDEX('Z8 TARGET ENH'!$F$6:$EO$145,_xludf.XMATCH(R20,'Z8 TARGET ENH'!$B$6:$B$145),_xludf.XMATCH(S20,'Z8 TARGET ENH'!$F$2:$EO$2)))} -> #NAME? | U20: =IF(E20="","",VLOOKUP(H20,'Z8 TARGET ENH'!$FH$7:$FJ$38,2,FALSE)) | V20: =IF(E20="","",VLOOKUP(H20,'Z8 TARGET ENH'!$FH$7:$FJ$38,3,FALSE)) | W20: =IF(E20="","",IF(T20="Not possible",0,IFERROR(L20*N20*P20-L20*F20*G20*U20+L20*F20*G20, "Error"))) | Z20: =IF(E20="",0,1) -> 0
D21: ='A1 Baseline - Terrestrial'!D22 -> 15 | E21: =IF(OR('B1 Baseline - FW'!E22="",'B1 Baseline - FW'!O22=0), "",'B1 Baseline - FW'!E22) | F21: =IF(E21="","",'B1 Baseline - FW'!H22) | G21: =IF(E21="","",'B1 Baseline - FW'!J22) | J21: =IF(E21="","",IF(AND(E21=H21,G21>=P21),"Error - No Enhancement",IF(AND(E21=H21,G21<P21),"Acceptable",IF(F21>N21,"Trading Down - Unacceptable Change",IF(F21=N21,"Error - No Enhancement",'B1 Baseline - FW'!G22&" - "&IFERROR(VLOOKUP(H21,'Z1 HAB CLASS'!$D$4:$E$45,2,FALSE),"")))))) | K21: =IF(E21="","",IF(AND(E21=H21, G21>=P21), "Error - No Enhancement", IF(AND(E21=H21,G21<P21), 'B1 Baseline - FW'!I22&" - "&'B3 Enhancement - FW'!O21, IF(F21>N21, "Trading Down - Unacceptable Change", IF(AND(F21=N21, G21=P21), "Error - No Enhancement", IF(AND(F21=N21, G21>P21), "Error - Cannot reduce condition", IF(AND(E21<>H21,F21<N21),"Lower Distinctiveness Habitat"&" - "&O21, 'B1 Baseline - FW'!I22&" - "&'B3 Enhancement - FW'!O21))))))) | L21: =IF(E21="","",'B1 Baseline - FW'!O22) | M21: =IFERROR(VLOOKUP(H21,'Z1 HAB CLASS'!$D$4:$E$45,2,FALSE)," ") | N21: =IFERROR(VLOOKUP(M21,'Z1 HAB CLASS'!$L$3:$N$9,2,FALSE)," ") | P21: =IFERROR(VLOOKUP(O21,'Z3 CONDITION VALUE'!$A$3:$B$5,2,FALSE)," ") | Q21: =IF(OR('B1 Baseline - FW'!E22="", 'B1 Baseline - FW'!O22=0),"",'B1 Baseline - FW'!I22&"") | R21: =_xludf.TEXTJOIN("/",TRUE,E21,Q21) -> #NAME? | S21: =_xludf.TEXTJOIN("/",TRUE,H21,O21) -> #NAME? | T21: {=IF(OR(R21="",S21=""),"",INDEX('Z8 TARGET ENH'!$F$6:$EO$145,_xludf.XMATCH(R21,'Z8 TARGET ENH'!$B$6:$B$145),_xludf.XMATCH(S21,'Z8 TARGET ENH'!$F$2:$EO$2)))} -> #NAME? | U21: =IF(E21="","",VLOOKUP(H21,'Z8 TARGET ENH'!$FH$7:$FJ$38,2,FALSE)) | V21: =IF(E21="","",VLOOKUP(H21,'Z8 TARGET ENH'!$FH$7:$FJ$38,3,FALSE)) | W21: =IF(E21="","",IF(T21="Not possible",0,IFERROR(L21*N21*P21-L21*F21*G21*U21+L21*F21*G21, "Error"))) | Z21: =IF(E21="",0,1) -> 0
... D254: ='A1 Baseline - Terrestrial'!D255 -> 248 | E254: =IF(OR('B1 Baseline - FW'!E255="",'B1 Baseline - FW'!O255=0), "",'B1 Baseline - FW'!E255) | F254: =IF(E254="","",'B1 Baseline - FW'!H255) | G254: =IF(E254="","",'B1 Baseline - FW'!J255) | J254: =IF(E254="","",IF(AND(E254=H254,G254>=P254),"Error - No Enhancement",IF(AND(E254=H254,G254<P254),"Acceptable",IF(F254>N254,"Trading Down - Unacceptable Change",IF(F254=N254,"Error - No Enhancement",'B1 Baseline - FW'!G255&" - "&IFERROR(VLOOKUP(H254,'Z1 HAB CLASS'!$D$4:$E$45,2,FALSE),"")))))) | K254: =IF(E254="","",IF(AND(E254=H254, G254>=P254), "Error - No Enhancement", IF(AND(E254=H254,G254<P254), 'B1 Baseline - FW'!I255&" - "&'B3 Enhancement - FW'!O254, IF(F254>N254, "Trading Down - Unacceptable Change", IF(AND(F254=N254, G254=P254), "Error - No Enhancement", IF(AND(F254=N254, G254>P254), "Error - Cannot reduce condition", IF(AND(E254<>H254,F254<N254),"Lower Distinctiveness Habitat"&" - "&O254, 'B1 Baseline - FW'!I255&" - "&'B3 Enhancement - FW'!O254))))))) | L254: =IF(E254="","",'B1 Baseline - FW'!O255) | M254: =IFERROR(VLOOKUP(H254,'Z1 HAB CLASS'!$D$4:$E$45,2,FALSE)," ") | N254: =IFERROR(VLOOKUP(M254,'Z1 HAB CLASS'!$L$3:$N$9,2,FALSE)," ") | P254: =IFERROR(VLOOKUP(O254,'Z3 CONDITION VALUE'!$A$3:$B$5,2,FALSE)," ") | Q254: =IF(OR('B1 Baseline - FW'!E255="", 'B1 Baseline - FW'!O255=0),"",'B1 Baseline - FW'!I255&"") | R254: =_xludf.TEXTJOIN("/",TRUE,E254,Q254) -> #NAME? | S254: =_xludf.TEXTJOIN("/",TRUE,H254,O254) -> #NAME? | T254: {=IF(OR(R254="",S254=""),"",INDEX('Z8 TARGET ENH'!$F$6:$EO$145,_xludf.XMATCH(R254,'Z8 TARGET ENH'!$B$6:$B$145),_xludf.XMATCH(S254,'Z8 TARGET ENH'!$F$2:$EO$2)))} -> #NAME? | U254: =IF(E254="","",VLOOKUP(H254,'Z8 TARGET ENH'!$FH$7:$FJ$38,2,FALSE)) | V254: =IF(E254="","",VLOOKUP(H254,'Z8 TARGET ENH'!$FH$7:$FJ$38,3,FALSE)) | W254: =IF(E254="","",IF(T254="Not possible",0,IFERROR(L254*N254*P254-L254*F254*G254*U254+L254*F254*G254, "Error"))) | Z254: =IF(E254="",0,1) -> 0
F255: =IFERROR(VLOOKUP(E255,'Z1 HAB CLASS'!$L$3:$M$8,2,FALSE)," ") | K255: Total area | L255: =SUM(L7:L254) -> 0 | U255: Total units | W255: =SUM(W7:W254) -> 0 | Z255: 1

Sheet C1 Baseline - Marine
X1: 1
D2: BASELINE | X2: 1
D3: MARINE UNITS | X3: 1
X4: 1
X5: 1
E6: Habitats and Areas | G6: Distinctiveness | I6: Condition | K6: Habitat trading (compensation requirement) | L6: Ecological baseline | N6: Lost, Retained and Enhanced Biodiversity Units | T6: Justifications and Comments | X6: =IF(F6="",0,1) -> 0
D7: Ref | E7: Habitat type | F7: Area (hectares) | G7: Distinctiveness | H7: Score | I7: Condition | J7: Score | L7: Total marine units | N7: Area retained (ha) | O7: Area enhanced (ha) | P7: Baseline units retained | Q7: Baseline units enhanced | R7: Area lost (ha) | S7: Marine units lost | X7: =IF(F7="",0,1) -> 1
D8: 1 | G8: =IFERROR(VLOOKUP(E8,'Z1 HAB CLASS'!$D$4:$E$45,2,FALSE)," ") | H8: =IFERROR(VLOOKUP(G8,'Z1 HAB CLASS'!$L$3:$N$9,2,FALSE)," ") | J8: =IFERROR(VLOOKUP(I8,'Z3 CONDITION VALUE'!$A$3:$B$5,2,FALSE)," ") | K8: =IFERROR(VLOOKUP(G8,'Z1 HAB CLASS'!$L$4:$N$9,3,FALSE)," ") | L8: =IFERROR(F8*H8*J8," ") | P8: =IFERROR(N8*H8*J8," ") | Q8: =IFERROR(O8*H8*J8, " ") | R8: =IF(E8="","",IF(F8<N8+O8, "Errors in Areas",F8-(N8+O8))) | S8: =IFERROR(R8*H8*J8," ") | X8: =IF(F8="",0,1) -> 0
D9: 2 | G9: =IFERROR(VLOOKUP(E9,'Z1 HAB CLASS'!$D$4:$E$45,2,FALSE)," ") | H9: =IFERROR(VLOOKUP(G9,'Z1 HAB CLASS'!$L$3:$N$9,2,FALSE)," ") | J9: =IFERROR(VLOOKUP(I9,'Z3 CONDITION VALUE'!$A$3:$B$5,2,FALSE)," ") | K9: =IFERROR(VLOOKUP(G9,'Z1 HAB CLASS'!$L$4:$N$9,3,FALSE)," ") | L9: =IFERROR(F9*H9*J9," ") | P9: =IFERROR(N9*H9*J9," ") | Q9: =IFERROR(O9*H9*J9, " ") | R9: =IF(E9="","",IF(F9<N9+O9, "Errors in Areas",F9-(N9+O9))) | S9: =IFERROR(R9*H9*J9," ") | X9: =IF(F9="",0,1) -> 0
D10: 3 | G10: =IFERROR(VLOOKUP(E10,'Z1 HAB CLASS'!$D$4:$E$45,2,FALSE)," ") | H10: =IFERROR(VLOOKUP(G10,'Z1 HAB CLASS'!$L$3:$N$9,2,FALSE)," ") | J10: =IFERROR(VLOOKUP(I10,'Z3 CONDITION VALUE'!$A$3:$B$5,2,FALSE)," ") | K10: =IFERROR(VLOOKUP(G10,'Z1 HAB CLASS'!$L$4:$N$9,3,FALSE)," ") | L10: =IFERROR(F10*H10*J10," ") | P10: =IFERROR(N10*H10*J10," ") | Q10: =IFERROR(O10*H10*J10, " ") | R10: =IF(E10="","",IF(F10<N10+O10, "Errors in Areas",F10-(N10+O10))) | S10: =IFERROR(R10*H10*J10," ") | X10: =IF(F10="",0,1) -> 0
D11: 4 | G11: =IFERROR(VLOOKUP(E11,'Z1 HAB CLASS'!$D$4:$E$45,2,FALSE)," ") | H11: =IFERROR(VLOOKUP(G11,'Z1 HAB CLASS'!$L$3:$N$9,2,FALSE)," ") | J11: =IFERROR(VLOOKUP(I11,'Z3 CONDITION VALUE'!$A$3:$B$5,2,FALSE)," ") | K11: =IFERROR(VLOOKUP(G11,'Z1 HAB CLASS'!$L$4:$N$9,3,FALSE)," ") | L11: =IFERROR(F11*H11*J11," ") | P11: =IFERROR(N11*H11*J11," ") | Q11: =IFERROR(O11*H11*J11, " ") | R11: =IF(E11="","",IF(F11<N11+O11, "Errors in Areas",F11-(N11+O11))) | S11: =IFERROR(R11*H11*J11," ") | X11: =IF(F11="",0,1) -> 0
D12: 5 | G12: =IFERROR(VLOOKUP(E12,'Z1 HAB CLASS'!$D$4:$E$45,2,FALSE)," ") | H12: =IFERROR(VLOOKUP(G12,'Z1 HAB CLASS'!$L$3:$N$9,2,FALSE)," ") | J12: =IFERROR(VLOOKUP(I12,'Z3 CONDITION VALUE'!$A$3:$B$5,2,FALSE)," ") | K12: =IFERROR(VLOOKUP(G12,'Z1 HAB CLASS'!$L$4:$N$9,3,FALSE)," ") | L12: =IFERROR(F12*H12*J12," ") | P12: =IFERROR(N12*H12*J12," ") | Q12: =IFERROR(O12*H12*J12, " ") | R12: =IF(E12="","",IF(F12<N12+O12, "Errors in Areas",F12-(N12+O12))) | S12: =IFERROR(R12*H12*J12," ") | X12: =IF(F12="",0,1) -> 0
D13: 6 | G13: =IFERROR(VLOOKUP(E13,'Z1 HAB CLASS'!$D$4:$E$45,2,FALSE)," ") | H13: =IFERROR(VLOOKUP(G13,'Z1 HAB CLASS'!$L$3:$N$9,2,FALSE)," ") | J13: =IFERROR(VLOOKUP(I13,'Z3 CONDITION VALUE'!$A$3:$B$5,2,FALSE)," ") | K13: =IFERROR(VLOOKUP(G13,'Z1 HAB CLASS'!$L$4:$N$9,3,FALSE)," ") | L13: =IFERROR(F13*H13*J13," ") | P13: =IFERROR(N13*H13*J13," ") | Q13: =IFERROR(O13*H13*J13, " ") | R13: =IF(E13="","",IF(F13<N13+O13, "Errors in Areas",F13-(N13+O13))) | S13: =IFERROR(R13*H13*J13," ") | X13: =IF(F13="",0,1) -> 0
D14: 7 | G14: =IFERROR(VLOOKUP(E14,'Z1 HAB CLASS'!$D$4:$E$45,2,FALSE)," ") | H14: =IFERROR(VLOOKUP(G14,'Z1 HAB CLASS'!$L$3:$N$9,2,FALSE)," ") | J14: =IFERROR(VLOOKUP(I14,'Z3 CONDITION VALUE'!$A$3:$B$5,2,FALSE)," ") | K14: =IFERROR(VLOOKUP(G14,'Z1 HAB CLASS'!$L$4:$N$9,3,FALSE)," ") | L14: =IFERROR(F14*H14*J14," ") | P14: =IFERROR(N14*H14*J14," ") | Q14: =IFERROR(O14*H14*J14, " ") | R14: =IF(E14="","",IF(F14<N14+O14, "Errors in Areas",F14-(N14+O14))) | S14: =IFERROR(R14*H14*J14," ") | X14: =IF(F14="",0,1) -> 0
D15: 8 | G15: =IFERROR(VLOOKUP(E15,'Z1 HAB CLASS'!$D$4:$E$45,2,FALSE)," ") | H15: =IFERROR(VLOOKUP(G15,'Z1 HAB CLASS'!$L$3:$N$9,2,FALSE)," ") | J15: =IFERROR(VLOOKUP(I15,'Z3 CONDITION VALUE'!$A$3:$B$5,2,FALSE)," ") | K15: =IFERROR(VLOOKUP(G15,'Z1 HAB CLASS'!$L$4:$N$9,3,FALSE)," ") | L15: =IFERROR(F15*H15*J15," ") | P15: =IFERROR(N15*H15*J15," ") | Q15: =IFERROR(O15*H15*J15, " ") | R15: =IF(E15="","",IF(F15<N15+O15, "Errors in Areas",F15-(N15+O15))) | S15: =IFERROR(R15*H15*J15," ") | X15: =IF(F15="",0,1) -> 0
D16: 9 | G16: =IFERROR(VLOOKUP(E16,'Z1 HAB CLASS'!$D$4:$E$45,2,FALSE)," ") | H16: =IFERROR(VLOOKUP(G16,'Z1 HAB CLASS'!$L$3:$N$9,2,FALSE)," ") | J16: =IFERROR(VLOOKUP(I16,'Z3 CONDITION VALUE'!$A$3:$B$5,2,FALSE)," ") | K16: =IFERROR(VLOOKUP(G16,'Z1 HAB CLASS'!$L$4:$N$9,3,FALSE)," ") | L16: =IFERROR(F16*H16*J16," ") | P16: =IFERROR(N16*H16*J16," ") | Q16: =IFERROR(O16*H16*J16, " ") | R16: =IF(E16="","",IF(F16<N16+O16, "Errors in Areas",F16-(N16+O16))) | S16: =IFERROR(R16*H16*J16," ") | X16: =IF(F16="",0,1) -> 0
D17: 10 | G17: =IFERROR(VLOOKUP(E17,'Z1 HAB CLASS'!$D$4:$E$45,2,FALSE)," ") | H17: =IFERROR(VLOOKUP(G17,'Z1 HAB CLASS'!$L$3:$N$9,2,FALSE)," ") | J17: =IFERROR(VLOOKUP(I17,'Z3 CONDITION VALUE'!$A$3:$B$5,2,FALSE)," ") | K17: =IFERROR(VLOOKUP(G17,'Z1 HAB CLASS'!$L$4:$N$9,3,FALSE)," ") | L17: =IFERROR(F17*H17*J17," ") | P17: =IFERROR(N17*H17*J17," ") | Q17: =IFERROR(O17*H17*J17, " ") | R17: =IF(E17="","",IF(F17<N17+O17, "Errors in Areas",F17-(N17+O17))) | S17: =IFERROR(R17*H17*J17," ") | X17: =IF(F17="",0,1) -> 0
D18: 11 | G18: =IFERROR(VLOOKUP(E18,'Z1 HAB CLASS'!$D$4:$E$45,2,FALSE)," ") | H18: =IFERROR(VLOOKUP(G18,'Z1 HAB CLASS'!$L$3:$N$9,2,FALSE)," ") | J18: =IFERROR(VLOOKUP(I18,'Z3 CONDITION VALUE'!$A$3:$B$5,2,FALSE)," ") | K18: =IFERROR(VLOOKUP(G18,'Z1 HAB CLASS'!$L$4:$N$9,3,FALSE)," ") | L18: =IFERROR(F18*H18*J18," ") | P18: =IFERROR(N18*H18*J18," ") | Q18: =IFERROR(O18*H18*J18, " ") | R18: =IF(E18="","",IF(F18<N18+O18, "Errors in Areas",F18-(N18+O18))) | S18: =IFERROR(R18*H18*J18," ") | X18: =IF(F18="",0,1) -> 0
D19: 12 | G19: =IFERROR(VLOOKUP(E19,'Z1 HAB CLASS'!$D$4:$E$45,2,FALSE)," ") | H19: =IFERROR(VLOOKUP(G19,'Z1 HAB CLASS'!$L$3:$N$9,2,FALSE)," ") | J19: =IFERROR(VLOOKUP(I19,'Z3 CONDITION VALUE'!$A$3:$B$5,2,FALSE)," ") | K19: =IFERROR(VLOOKUP(G19,'Z1 HAB CLASS'!$L$4:$N$9,3,FALSE)," ") | L19: =IFERROR(F19*H19*J19," ") | P19: =IFERROR(N19*H19*J19," ") | Q19: =IFERROR(O19*H19*J19, " ") | R19: =IF(E19="","",IF(F19<N19+O19, "Errors in Areas",F19-(N19+O19))) | S19: =IFERROR(R19*H19*J19," ") | X19: =IF(F19="",0,1) -> 0
... D255: 248 | G255: =IFERROR(VLOOKUP(E255,'Z1 HAB CLASS'!$D$4:$E$45,2,FALSE)," ") | H255: =IFERROR(VLOOKUP(G255,'Z1 HAB CLASS'!$L$3:$N$9,2,FALSE)," ") | J255: =IFERROR(VLOOKUP(I255,'Z3 CONDITION VALUE'!$A$3:$B$5,2,FALSE)," ") | K255: =IFERROR(VLOOKUP(G255,'Z1 HAB CLASS'!$L$4:$N$9,3,FALSE)," ") | L255: =IFERROR(F255*H255*J255," ") | P255: =IFERROR(N255*H255*J255," ") | Q255: =IFERROR(O255*H255*J255, " ") | R255: =IF(E255="","",IF(F255<N255+O255, "Errors in Areas",F255-(N255+O255))) | S255: =IFERROR(R255*H255*J255," ") | X255: =IF(F255="",0,1) -> 0
F256: =SUM(F8:F254) -> 0 | L256: =SUMIF(L8:L255,"<>#N/A") -> 0 | N256: =SUMIF(N8:N255,"<>#N/A") -> 0 | O256: =SUMIF(O8:O255,"<>#N/A") -> 0 | P256: =SUMIF(P8:P255,"<>#N/A") -> 0 | Q256: =SUMIF(Q8:Q255,"<>#N/A") -> 0 | R256: =SUMIF(R8:R255,"<>#N/A") -> 0 | S256: =SUMIF(S8:S255,"<>#N/A") -> 0 | X256: =IF(F256="",0,1) -> 1

Sheet C2 Creation - Marine
W1: 1
D2: POST-DEVELOPMENT | W2: 1
D3: CREATION - MARINE HABITATS | W3: 1
W4: 1
E5: Habitats and Areas | G5: Distinctiveness | I5: Condition | K5: Time to Target Condition | L5: Difficulty of Creation | N5: Marine Units Delivered | O5: Justifications and Comments | W5: 1
D6: Ref | E6: Proposed Habitat | F6: Area (ha) | G6: Distinctiveness | H6: Score | I6: Condition | J6: Score | K6: No. Years | L6: Difficulty of Creation | M6: Difficulty Multiplier | W6: =IF(F6="",0,1) -> 1
D7: 1 | G7: =IFERROR(VLOOKUP(E7,'Z1 HAB CLASS'!$D$4:$E$45,2,FALSE)," ") | H7: =IFERROR(VLOOKUP(G7,'Z1 HAB CLASS'!$L$3:$N$9,2,FALSE)," ") | J7: =IFERROR(VLOOKUP(I7,'Z3 CONDITION VALUE'!$A$3:$B$5,2,FALSE)," ") | K7: {=IFERROR(INDEX('Z7 TARGET CREATION'!$C$3:$F$44,MATCH(E7,'Z7 TARGET CREATION'!$B$3:$B$44,0),MATCH(I7,'Z7 TARGET CREATION'!$C$2:$F$2,0)),"")} | L7: =IF(E7="","",VLOOKUP(E7,'Z7 TARGET CREATION'!$G$3:$I$44,3,FALSE)) | M7: =IF(E7="","",VLOOKUP(E7,'Z7 TARGET CREATION'!$G$3:$H$44,2, FALSE)) | N7: =IF(E7="","",IF(K7="Not possible",0,F7*H7*J7*M7)) | W7: =IF(F7="",0,1) -> 0
D8: 2 | G8: =IFERROR(VLOOKUP(E8,'Z1 HAB CLASS'!$D$4:$E$45,2,FALSE)," ") | H8: =IFERROR(VLOOKUP(G8,'Z1 HAB CLASS'!$L$3:$N$9,2,FALSE)," ") | J8: =IFERROR(VLOOKUP(I8,'Z3 CONDITION VALUE'!$A$3:$B$5,2,FALSE)," ") | K8: {=IFERROR(INDEX('Z7 TARGET CREATION'!$C$3:$F$44,MATCH(E8,'Z7 TARGET CREATION'!$B$3:$B$44,0),MATCH(I8,'Z7 TARGET CREATION'!$C$2:$F$2,0)),"")} | L8: =IF(E8="","",VLOOKUP(E8,'Z7 TARGET CREATION'!$G$3:$I$44,3,FALSE)) | M8: =IF(E8="","",VLOOKUP(E8,'Z7 TARGET CREATION'!$G$3:$H$44,2, FALSE)) | N8: =IF(E8="","",IF(K8="Not possible",0,F8*H8*J8*M8)) | W8: =IF(F8="",0,1) -> 0
D9: 3 | G9: =IFERROR(VLOOKUP(E9,'Z1 HAB CLASS'!$D$4:$E$45,2,FALSE)," ") | H9: =IFERROR(VLOOKUP(G9,'Z1 HAB CLASS'!$L$3:$N$9,2,FALSE)," ") | J9: =IFERROR(VLOOKUP(I9,'Z3 CONDITION VALUE'!$A$3:$B$5,2,FALSE)," ") | K9: {=IFERROR(INDEX('Z7 TARGET CREATION'!$C$3:$F$44,MATCH(E9,'Z7 TARGET CREATION'!$B$3:$B$44,0),MATCH(I9,'Z7 TARGET CREATION'!$C$2:$F$2,0)),"")} | L9: =IF(E9="","",VLOOKUP(E9,'Z7 TARGET CREATION'!$G$3:$I$44,3,FALSE)) | M9: =IF(E9="","",VLOOKUP(E9,'Z7 TARGET CREATION'!$G$3:$H$44,2, FALSE)) | N9: =IF(E9="","",IF(K9="Not possible",0,F9*H9*J9*M9)) | W9: =IF(F9="",0,1) -> 0
D10: 4 | G10: =IFERROR(VLOOKUP(E10,'Z1 HAB CLASS'!$D$4:$E$45,2,FALSE)," ") | H10: =IFERROR(VLOOKUP(G10,'Z1 HAB CLASS'!$L$3:$N$9,2,FALSE)," ") | J10: =IFERROR(VLOOKUP(I10,'Z3 CONDITION VALUE'!$A$3:$B$5,2,FALSE)," ") | K10: {=IFERROR(INDEX('Z7 TARGET CREATION'!$C$3:$F$44,MATCH(E10,'Z7 TARGET CREATION'!$B$3:$B$44,0),MATCH(I10,'Z7 TARGET CREATION'!$C$2:$F$2,0)),"")} | L10: =IF(E10="","",VLOOKUP(E10,'Z7 TARGET CREATION'!$G$3:$I$44,3,FALSE)) | M10: =IF(E10="","",VLOOKUP(E10,'Z7 TARGET CREATION'!$G$3:$H$44,2, FALSE)) | N10: =IF(E10="","",IF(K10="Not possible",0,F10*H10*J10*M10)) | W10: =IF(F10="",0,1) -> 0
D11: 5 | G11: =IFERROR(VLOOKUP(E11,'Z1 HAB CLASS'!$D$4:$E$45,2,FALSE)," ") | H11: =IFERROR(VLOOKUP(G11,'Z1 HAB CLASS'!$L$3:$N$9,2,FALSE)," ") | J11: =IFERROR(VLOOKUP(I11,'Z3 CONDITION VALUE'!$A$3:$B$5,2,FALSE)," ") | K11: {=IFERROR(INDEX('Z7 TARGET CREATION'!$C$3:$F$44,MATCH(E11,'Z7 TARGET CREATION'!$B$3:$B$44,0),MATCH(I11,'Z7 TARGET CREATION'!$C$2:$F$2,0)),"")} | L11: =IF(E11="","",VLOOKUP(E11,'Z7 TARGET CREATION'!$G$3:$I$44,3,FALSE)) | M11: =IF(E11="","",VLOOKUP(E11,'Z7 TARGET CREATION'!$G$3:$H$44,2, FALSE)) | N11: =IF(E11="","",IF(K11="Not possible",0,F11*H11*J11*M11)) | W11: =IF(F11="",0,1) -> 0
D12: 6 | G12: =IFERROR(VLOOKUP(E12,'Z1 HAB CLASS'!$D$4:$E$45,2,FALSE)," ") | H12: =IFERROR(VLOOKUP(G12,'Z1 HAB CLASS'!$L$3:$N$9,2,FALSE)," ") | J12: =IFERROR(VLOOKUP(I12,'Z3 CONDITION VALUE'!$A$3:$B$5,2,FALSE)," ") | K12: {=IFERROR(INDEX('Z7 TARGET CREATION'!$C$3:$F$44,MATCH(E12,'Z7 TARGET CREATION'!$B$3:$B$44,0),MATCH(I12,'Z7 TARGET CREATION'!$C$2:$F$2,0)),"")} | L12: =IF(E12="","",VLOOKUP(E12,'Z7 TARGET CREATION'!$G$3:$I$44,3,FALSE)) | M12: =IF(E12="","",VLOOKUP(E12,'Z7 TARGET CREATION'!$G$3:$H$44,2, FALSE)) | N12: =IF(E12="","",IF(K12="Not possible",0,F12*H12*J12*M12)) | W12: =IF(F12="",0,1) -> 0
D13: 7 | G13: =IFERROR(VLOOKUP(E13,'Z1 HAB CLASS'!$D$4:$E$45,2,FALSE)," ") | H13: =IFERROR(VLOOKUP(G13,'Z1 HAB CLASS'!$L$3:$N$9,2,FALSE)," ") | J13: =IFERROR(VLOOKUP(I13,'Z3 CONDITION VALUE'!$A$3:$B$5,2,FALSE)," ") | K13: {=IFERROR(INDEX('Z7 TARGET CREATION'!$C$3:$F$44,MATCH(E13,'Z7 TARGET CREATION'!$B$3:$B$44,0),MATCH(I13,'Z7 TARGET CREATION'!$C$2:$F$2,0)),"")} | L13: =IF(E13="","",VLOOKUP(E13,'Z7 TARGET CREATION'!$G$3:$I$44,3,FALSE)) | M13: =IF(E13="","",VLOOKUP(E13,'Z7 TARGET CREATION'!$G$3:$H$44,2, FALSE)) | N13: =IF(E13="","",IF(K13="Not possible",0,F13*H13*J13*M13)) | W13: =IF(F13="",0,1) -> 0
D14: 8 | G14: =IFERROR(VLOOKUP(E14,'Z1 HAB CLASS'!$D$4:$E$45,2,FALSE)," ") | H14: =IFERROR(VLOOKUP(G14,'Z1 HAB CLASS'!$L$3:$N$9,2,FALSE)," ") | J14: =IFERROR(VLOOKUP(I14,'Z3 CONDITION VALUE'!$A$3:$B$5,2,FALSE)," ") | K14: {=IFERROR(INDEX('Z7 TARGET CREATION'!$C$3:$F$44,MATCH(E14,'Z7 TARGET CREATION'!$B$3:$B$44,0),MATCH(I14,'Z7 TARGET CREATION'!$C$2:$F$2,0)),"")} | L14: =IF(E14="","",VLOOKUP(E14,'Z7 TARGET CREATION'!$G$3:$I$44,3,FALSE)) | M14: =IF(E14="","",VLOOKUP(E14,'Z7 TARGET CREATION'!$G$3:$H$44,2, FALSE)) | N14: =IF(E14="","",IF(K14="Not possible",0,F14*H14*J14*M14)) | W14: =IF(F14="",0,1) -> 0
D15: 9 | G15: =IFERROR(VLOOKUP(E15,'Z1 HAB CLASS'!$D$4:$E$45,2,FALSE)," ") | H15: =IFERROR(VLOOKUP(G15,'Z1 HAB CLASS'!$L$3:$N$9,2,FALSE)," ") | J15: =IFERROR(VLOOKUP(I15,'Z3 CONDITION VALUE'!$A$3:$B$5,2,FALSE)," ") | K15: {=IFERROR(INDEX('Z7 TARGET CREATION'!$C$3:$F$44,MATCH(E15,'Z7 TARGET CREATION'!$B$3:$B$44,0),MATCH(I15,'Z7 TARGET CREATION'!$C$2:$F$2,0)),"")} | L15: =IF(E15="","",VLOOKUP(E15,'Z7 TARGET CREATION'!$G$3:$I$44,3,FALSE)) | M15: =IF(E15="","",VLOOKUP(E15,'Z7 TARGET CREATION'!$G$3:$H$44,2, FALSE)) | N15: =IF(E15="","",IF(K15="Not possible",0,F15*H15*J15*M15)) | W15: =IF(F15="",0,1) -> 0
D16: 10 | G16: =IFERROR(VLOOKUP(E16,'Z1 HAB CLASS'!$D$4:$E$45,2,FALSE)," ") | H16: =IFERROR(VLOOKUP(G16,'Z1 HAB CLASS'!$L$3:$N$9,2,FALSE)," ") | J16: =IFERROR(VLOOKUP(I16,'Z3 CONDITION VALUE'!$A$3:$B$5,2,FALSE)," ") | K16: {=IFERROR(INDEX('Z7 TARGET CREATION'!$C$3:$F$44,MATCH(E16,'Z7 TARGET CREATION'!$B$3:$B$44,0),MATCH(I16,'Z7 TARGET CREATION'!$C$2:$F$2,0)),"")} | L16: =IF(E16="","",VLOOKUP(E16,'Z7 TARGET CREATION'!$G$3:$I$44,3,FALSE)) | M16: =IF(E16="","",VLOOKUP(E16,'Z7 TARGET CREATION'!$G$3:$H$44,2, FALSE)) | N16: =IF(E16="","",IF(K16="Not possible",0,F16*H16*J16*M16)) | W16: =IF(F16="",0,1) -> 0
D17: 11 | G17: =IFERROR(VLOOKUP(E17,'Z1 HAB CLASS'!$D$4:$E$45,2,FALSE)," ") | H17: =IFERROR(VLOOKUP(G17,'Z1 HAB CLASS'!$L$3:$N$9,2,FALSE)," ") | J17: =IFERROR(VLOOKUP(I17,'Z3 CONDITION VALUE'!$A$3:$B$5,2,FALSE)," ") | K17: {=IFERROR(INDEX('Z7 TARGET CREATION'!$C$3:$F$44,MATCH(E17,'Z7 TARGET CREATION'!$B$3:$B$44,0),MATCH(I17,'Z7 TARGET CREATION'!$C$2:$F$2,0)),"")} | L17: =IF(E17="","",VLOOKUP(E17,'Z7 TARGET CREATION'!$G$3:$I$44,3,FALSE)) | M17: =IF(E17="","",VLOOKUP(E17,'Z7 TARGET CREATION'!$G$3:$H$44,2, FALSE)) | N17: =IF(E17="","",IF(K17="Not possible",0,F17*H17*J17*M17)) | W17: =IF(F17="",0,1) -> 0
D18: 12 | G18: =IFERROR(VLOOKUP(E18,'Z1 HAB CLASS'!$D$4:$E$45,2,FALSE)," ") | H18: =IFERROR(VLOOKUP(G18,'Z1 HAB CLASS'!$L$3:$N$9,2,FALSE)," ") | J18: =IFERROR(VLOOKUP(I18,'Z3 CONDITION VALUE'!$A$3:$B$5,2,FALSE)," ") | K18: {=IFERROR(INDEX('Z7 TARGET CREATION'!$C$3:$F$44,MATCH(E18,'Z7 TARGET CREATION'!$B$3:$B$44,0),MATCH(I18,'Z7 TARGET CREATION'!$C$2:$F$2,0)),"")} | L18: =IF(E18="","",VLOOKUP(E18,'Z7 TARGET CREATION'!$G$3:$I$44,3,FALSE)) | M18: =IF(E18="","",VLOOKUP(E18,'Z7 TARGET CREATION'!$G$3:$H$44,2, FALSE)) | N18: =IF(E18="","",IF(K18="Not possible",0,F18*H18*J18*M18)) | W18: =IF(F18="",0,1) -> 0
... D254: 248 | G254: =IFERROR(VLOOKUP(E254,'Z1 HAB CLASS'!$D$4:$E$45,2,FALSE)," ") | H254: =IFERROR(VLOOKUP(G254,'Z1 HAB CLASS'!$L$3:$N$9,2,FALSE)," ") | J254: =IFERROR(VLOOKUP(I254,'Z3 CONDITION VALUE'!$A$3:$B$5,2,FALSE)," ") | K254: {=IFERROR(INDEX('Z7 TARGET CREATION'!$C$3:$F$44,MATCH(E254,'Z7 TARGET CREATION'!$B$3:$B$44,0),MATCH(I254,'Z7 TARGET CREATION'!$C$2:$F$2,0)),"")} | L254: =IF(E254="","",VLOOKUP(E254,'Z7 TARGET CREATION'!$G$3:$I$44,3,FALSE)) | M254: =IF(E254="","",VLOOKUP(E254,'Z7 TARGET CREATION'!$G$3:$H$44,2, FALSE)) | N254: =IF(E254="","",IF(K254="Not possible",0,F254*H254*J254*M254)) | W254: =IF(F254="",0,1) -> 0
E255: Total area | F255: =SUM(F7:F254) -> 0 | M255: Total units | N255: =SUM(N7:N254) -> 0 | W255: =IF(F255="",0,1) -> 1
W256: =IF(F256="",0,1) -> 0

Sheet C3 Enhancement - Marine
Z1: 1
D2: POST-DEVELOPMENT | Z2: 1
D3: ENHANCEMENT - MARINE HABITATS | Z3: 1
Z4: 1
E5: Habitats and Areas | I5: Habitat Trading (compensation requirement) | J5: Change | L5: Post-Development | Q5: Change in Habitat Summary | T5: Time to Target Condition | U5: Difficulty of Enhancement | V5: Difficulty Multiplier | W5: Habitat Units Delivered | X5: Comments and Justification | Z5: 1
D6: Baseline Ref | E6: Baseline Habitat | F6: Distinctiveness Score | G6: Condition Score | H6: Proposed Habitat | J6: Distinctiveness | K6: Condition | L6: Area (ha) | M6: Distinctiveness | N6: Distinctiveness Score | O6: Condition | P6: Condition Score | Q6: Existing Condition | R6: Existing Habitat/Condition | S6: Proposed Habitat/Condition | T6: No. Years | Z6: 1
D7: ='A1 Baseline - Terrestrial'!D8 -> 1 | E7: =IF(OR('C1 Baseline - Marine'!E8="",'C1 Baseline - Marine'!O8=0), "", 'C1 Baseline - Marine'!E8) | F7: =IF(E7="", "", 'C1 Baseline - Marine'!H8) | G7: =IF(E7="", "", 'C1 Baseline - Marine'!J8) | I7: =IF(E7="","",'C1 Baseline - Marine'!K8) | J7: =IF(OR(E7="",H7=""),"",IF(AND(E7=H7,G7>=P7),"Error - No Enhancement",IF(AND(E7=H7,G7<P7),"Acceptable",IF(F7>N7,"Trading Down - Unacceptable Change",IF(F7=N7,"Error - No Enhancement",'C1 Baseline - Marine'!G8&" - "&IFERROR(VLOOKUP(H7,'Z1 HAB CLASS'!$D$4:$E$45,2,FALSE),"")))))) | K7: =IF(E7="","",IF(AND(E7=H7,G7>=P7),"Error - No Enhancement",IF(AND(E7=H7,G7<P7),'C1 Baseline - Marine'!I8&" - "&'C3 Enhancement - Marine'!O7,IF(F7>N7,"Trading Down - Unacceptable Change",IF(F7=N7,"Error - No Enhancement",IF(AND(E7<>H7,F7<N7),"Lower Distinctiveness Habitat"&" - "&O7,'C1 Baseline - Marine'!I8&" - "&'C3 Enhancement - Marine'!O7)))))) | L7: =IF(E7="","",'C1 Baseline - Marine'!O8) | M7: =IFERROR(VLOOKUP(H7,'Z1 HAB CLASS'!$D$4:$E$45,2,FALSE)," ") | N7: =IFERROR(VLOOKUP(M7,'Z1 HAB CLASS'!$L$3:$N$9,2,FALSE)," ") | P7: =IFERROR(VLOOKUP(O7,'Z3 CONDITION VALUE'!$A$3:$B$5,2,FALSE)," ") | Q7: =IF(OR('C1 Baseline - Marine'!E8="", 'C1 Baseline - Marine'!O8=0),"",'C1 Baseline - Marine'!I8&"") | R7: =_xludf.TEXTJOIN("/",TRUE,E7,Q7) -> #NAME? | S7: =_xludf.TEXTJOIN("/",TRUE,H7,O7) -> #NAME? | T7: {=IF(OR(R7="",S7=""),"",INDEX('Z8 TARGET ENH'!$F$6:$FE$161,_xludf.XMATCH(R7,'Z8 TARGET ENH'!$B$6:$B$161),_xludf.XMATCH(S7,'Z8 TARGET ENH'!$F$2:$FE$2)))} -> #NAME? | U7: =IF(E7="","",VLOOKUP(H7,'Z8 TARGET ENH'!$FH$7:$FJ$48,2,FALSE)) | V7: =IF(E7="","",VLOOKUP(H7,'Z8 TARGET ENH'!$FH$7:$FJ$48,3,FALSE)) | W7: =IF(E7="","",IF(T7="Not possible",0,IFERROR(L7*N7*P7-L7*F7*G7*U7+L7*F7*G7, "Error"))) | Z7: =IF(E7="",0,1) -> 0
D8: ='A1 Baseline - Terrestrial'!D9 -> 2 | E8: =IF(OR('C1 Baseline - Marine'!E9="",'C1 Baseline - Marine'!O9=0), "", 'C1 Baseline - Marine'!E9) | F8: =IF(E8="", "", 'C1 Baseline - Marine'!H9) | G8: =IF(E8="", "", 'C1 Baseline - Marine'!J9) | I8: =IF(E8="","",'C1 Baseline - Marine'!K9) | J8: =IF(OR(E8="",H8=""),"",IF(AND(E8=H8,G8>=P8),"Error - No Enhancement",IF(AND(E8=H8,G8<P8),"Acceptable",IF(F8>N8,"Trading Down - Unacceptable Change",IF(F8=N8,"Error - No Enhancement",'C1 Baseline - Marine'!G9&" - "&IFERROR(VLOOKUP(H8,'Z1 HAB CLASS'!$D$4:$E$45,2,FALSE),"")))))) | K8: =IF(E8="","",IF(AND(E8=H8,G8>=P8),"Error - No Enhancement",IF(AND(E8=H8,G8<P8),'C1 Baseline - Marine'!I9&" - "&'C3 Enhancement - Marine'!O8,IF(F8>N8,"Trading Down - Unacceptable Change",IF(F8=N8,"Error - No Enhancement",IF(AND(E8<>H8,F8<N8),"Lower Distinctiveness Habitat"&" - "&O8,'C1 Baseline - Marine'!I9&" - "&'C3 Enhancement - Marine'!O8)))))) | L8: =IF(E8="","",'C1 Baseline - Marine'!O9) | M8: =IFERROR(VLOOKUP(H8,'Z1 HAB CLASS'!$D$4:$E$45,2,FALSE)," ") | N8: =IFERROR(VLOOKUP(M8,'Z1 HAB CLASS'!$L$3:$N$9,2,FALSE)," ") | P8: =IFERROR(VLOOKUP(O8,'Z3 CONDITION VALUE'!$A$3:$B$5,2,FALSE)," ") | Q8: =IF(OR('C1 Baseline - Marine'!E9="", 'C1 Baseline - Marine'!O9=0),"",'C1 Baseline - Marine'!I9&"") | R8: =_xludf.TEXTJOIN("/",TRUE,E8,Q8) -> #NAME? | S8: =_xludf.TEXTJOIN("/",TRUE,H8,O8) -> #NAME? | T8: {=IF(OR(R8="",S8=""),"",INDEX('Z8 TARGET ENH'!$F$6:$FE$161,_xludf.XMATCH(R8,'Z8 TARGET ENH'!$B$6:$B$161),_xludf.XMATCH(S8,'Z8 TARGET ENH'!$F$2:$FE$2)))} -> #NAME? | U8: =IF(E8="","",VLOOKUP(H8,'Z8 TARGET ENH'!$FH$7:$FJ$48,2,FALSE)) | V8: =IF(E8="","",VLOOKUP(H8,'Z8 TARGET ENH'!$FH$7:$FJ$48,3,FALSE)) | W8: =IF(E8="","",IF(T8="Not possible",0,IFERROR(L8*N8*P8-L8*F8*G8*U8+L8*F8*G8, "Error"))) | Z8: =IF(E8="",0,1) -> 0
D9: ='A1 Baseline - Terrestrial'!D10 -> 3 | E9: =IF(OR('C1 Baseline - Marine'!E10="",'C1 Baseline - Marine'!O10=0), "", 'C1 Baseline - Marine'!E10) | F9: =IF(E9="", "", 'C1 Baseline - Marine'!H10) | G9: =IF(E9="", "", 'C1 Baseline - Marine'!J10) | I9: =IF(E9="","",'C1 Baseline - Marine'!K10) | J9: =IF(OR(E9="",H9=""),"",IF(AND(E9=H9,G9>=P9),"Error - No Enhancement",IF(AND(E9=H9,G9<P9),"Acceptable",IF(F9>N9,"Trading Down - Unacceptable Change",IF(F9=N9,"Error - No Enhancement",'C1 Baseline - Marine'!G10&" - "&IFERROR(VLOOKUP(H9,'Z1 HAB CLASS'!$D$4:$E$45,2,FALSE),"")))))) | K9: =IF(E9="","",IF(AND(E9=H9,G9>=P9),"Error - No Enhancement",IF(AND(E9=H9,G9<P9),'C1 Baseline - Marine'!I10&" - "&'C3 Enhancement - Marine'!O9,IF(F9>N9,"Trading Down - Unacceptable Change",IF(F9=N9,"Error - No Enhancement",IF(AND(E9<>H9,F9<N9),"Lower Distinctiveness Habitat"&" - "&O9,'C1 Baseline - Marine'!I10&" - "&'C3 Enhancement - Marine'!O9)))))) | L9: =IF(E9="","",'C1 Baseline - Marine'!O10) | M9: =IFERROR(VLOOKUP(H9,'Z1 HAB CLASS'!$D$4:$E$45,2,FALSE)," ") | N9: =IFERROR(VLOOKUP(M9,'Z1 HAB CLASS'!$L$3:$N$9,2,FALSE)," ") | P9: =IFERROR(VLOOKUP(O9,'Z3 CONDITION VALUE'!$A$3:$B$5,2,FALSE)," ") | Q9: =IF(OR('C1 Baseline - Marine'!E10="", 'C1 Baseline - Marine'!O10=0),"",'C1 Baseline - Marine'!I10&"") | R9: =_xludf.TEXTJOIN("/",TRUE,E9,Q9) -> #NAME? | S9: =_xludf.TEXTJOIN("/",TRUE,H9,O9) -> #NAME? | T9: {=IF(OR(R9="",S9=""),"",INDEX('Z8 TARGET ENH'!$F$6:$FE$161,_xludf.XMATCH(R9,'Z8 TARGET ENH'!$B$6:$B$161),_xludf.XMATCH(S9,'Z8 TARGET ENH'!$F$2:$FE$2)))} -> #NAME? | U9: =IF(E9="","",VLOOKUP(H9,'Z8 TARGET ENH'!$FH$7:$FJ$48,2,FALSE)) | V9: =IF(E9="","",VLOOKUP(H9,'Z8 TARGET ENH'!$FH$7:$FJ$48,3,FALSE)) | W9: =IF(E9="","",IF(T9="Not possible",0,IFERROR(L9*N9*P9-L9*F9*G9*U9+L9*F9*G9, "Error"))) | Z9: =IF(E9="",0,1) -> 0
D10: ='A1 Baseline - Terrestrial'!D11 -> 4 | E10: =IF(OR('C1 Baseline - Marine'!E11="",'C1 Baseline - Marine'!O11=0), "", 'C1 Baseline - Marine'!E11) | F10: =IF(E10="", "", 'C1 Baseline - Marine'!H11) | G10: =IF(E10="", "", 'C1 Baseline - Marine'!J11) | I10: =IF(E10="","",'C1 Baseline - Marine'!K11) | J10: =IF(OR(E10="",H10=""),"",IF(AND(E10=H10,G10>=P10),"Error - No Enhancement",IF(AND(E10=H10,G10<P10),"Acceptable",IF(F10>N10,"Trading Down - Unacceptable Change",IF(F10=N10,"Error - No Enhancement",'C1 Baseline - Marine'!G11&" - "&IFERROR(VLOOKUP(H10,'Z1 HAB CLASS'!$D$4:$E$45,2,FALSE),"")))))) | K10: =IF(E10="","",IF(AND(E10=H10,G10>=P10),"Error - No Enhancement",IF(AND(E10=H10,G10<P10),'C1 Baseline - Marine'!I11&" - "&'C3 Enhancement - Marine'!O10,IF(F10>N10,"Trading Down - Unacceptable Change",IF(F10=N10,"Error - No Enhancement",IF(AND(E10<>H10,F10<N10),"Lower Distinctiveness Habitat"&" - "&O10,'C1 Baseline - Marine'!I11&" - "&'C3 Enhancement - Marine'!O10)))))) | L10: =IF(E10="","",'C1 Baseline - Marine'!O11) | M10: =IFERROR(VLOOKUP(H10,'Z1 HAB CLASS'!$D$4:$E$45,2,FALSE)," ") | N10: =IFERROR(VLOOKUP(M10,'Z1 HAB CLASS'!$L$3:$N$9,2,FALSE)," ") | P10: =IFERROR(VLOOKUP(O10,'Z3 CONDITION VALUE'!$A$3:$B$5,2,FALSE)," ") | Q10: =IF(OR('C1 Baseline - Marine'!E11="", 'C1 Baseline - Marine'!O11=0),"",'C1 Baseline - Marine'!I11&"") | R10: =_xludf.TEXTJOIN("/",TRUE,E10,Q10) -> #NAME? | S10: =_xludf.TEXTJOIN("/",TRUE,H10,O10) -> #NAME? | T10: {=IF(OR(R10="",S10=""),"",INDEX('Z8 TARGET ENH'!$F$6:$FE$161,_xludf.XMATCH(R10,'Z8 TARGET ENH'!$B$6:$B$161),_xludf.XMATCH(S10,'Z8 TARGET ENH'!$F$2:$FE$2)))} -> #NAME? | U10: =IF(E10="","",VLOOKUP(H10,'Z8 TARGET ENH'!$FH$7:$FJ$48,2,FALSE)) | V10: =IF(E10="","",VLOOKUP(H10,'Z8 TARGET ENH'!$FH$7:$FJ$48,3,FALSE)) | W10: =IF(E10="","",IF(T10="Not possible",0,IFERROR(L10*N10*P10-L10*F10*G10*U10+L10*F10*G10, "Error"))) | Z10: =IF(E10="",0,1) -> 0
D11: ='A1 Baseline - Terrestrial'!D12 -> 5 | E11: =IF(OR('C1 Baseline - Marine'!E12="",'C1 Baseline - Marine'!O12=0), "", 'C1 Baseline - Marine'!E12) | F11: =IF(E11="", "", 'C1 Baseline - Marine'!H12) | G11: =IF(E11="", "", 'C1 Baseline - Marine'!J12) | I11: =IF(E11="","",'C1 Baseline - Marine'!K12) | J11: =IF(OR(E11="",H11=""),"",IF(AND(E11=H11,G11>=P11),"Error - No Enhancement",IF(AND(E11=H11,G11<P11),"Acceptable",IF(F11>N11,"Trading Down - Unacceptable Change",IF(F11=N11,"Error - No Enhancement",'C1 Baseline - Marine'!G12&" - "&IFERROR(VLOOKUP(H11,'Z1 HAB CLASS'!$D$4:$E$45,2,FALSE),"")))))) | K11: =IF(E11="","",IF(AND(E11=H11,G11>=P11),"Error - No Enhancement",IF(AND(E11=H11,G11<P11),'C1 Baseline - Marine'!I12&" - "&'C3 Enhancement - Marine'!O11,IF(F11>N11,"Trading Down - Unacceptable Change",IF(F11=N11,"Error - No Enhancement",IF(AND(E11<>H11,F11<N11),"Lower Distinctiveness Habitat"&" - "&O11,'C1 Baseline - Marine'!I12&" - "&'C3 Enhancement - Marine'!O11)))))) | L11: =IF(E11="","",'C1 Baseline - Marine'!O12) | M11: =IFERROR(VLOOKUP(H11,'Z1 HAB CLASS'!$D$4:$E$45,2,FALSE)," ") | N11: =IFERROR(VLOOKUP(M11,'Z1 HAB CLASS'!$L$3:$N$9,2,FALSE)," ") | P11: =IFERROR(VLOOKUP(O11,'Z3 CONDITION VALUE'!$A$3:$B$5,2,FALSE)," ") | Q11: =IF(OR('C1 Baseline - Marine'!E12="", 'C1 Baseline - Marine'!O12=0),"",'C1 Baseline - Marine'!I12&"") | R11: =_xludf.TEXTJOIN("/",TRUE,E11,Q11) -> #NAME? | S11: =_xludf.TEXTJOIN("/",TRUE,H11,O11) -> #NAME? | T11: {=IF(OR(R11="",S11=""),"",INDEX('Z8 TARGET ENH'!$F$6:$FE$161,_xludf.XMATCH(R11,'Z8 TARGET ENH'!$B$6:$B$161),_xludf.XMATCH(S11,'Z8 TARGET ENH'!$F$2:$FE$2)))} -> #NAME? | U11: =IF(E11="","",VLOOKUP(H11,'Z8 TARGET ENH'!$FH$7:$FJ$48,2,FALSE)) | V11: =IF(E11="","",VLOOKUP(H11,'Z8 TARGET ENH'!$FH$7:$FJ$48,3,FALSE)) | W11: =IF(E11="","",IF(T11="Not possible",0,IFERROR(L11*N11*P11-L11*F11*G11*U11+L11*F11*G11, "Error"))) | Z11: =IF(E11="",0,1) -> 0
D12: ='A1 Baseline - Terrestrial'!D13 -> 6 | E12: =IF(OR('C1 Baseline - Marine'!E13="",'C1 Baseline - Marine'!O13=0), "", 'C1 Baseline - Marine'!E13) | F12: =IF(E12="", "", 'C1 Baseline - Marine'!H13) | G12: =IF(E12="", "", 'C1 Baseline - Marine'!J13) | I12: =IF(E12="","",'C1 Baseline - Marine'!K13) | J12: =IF(OR(E12="",H12=""),"",IF(AND(E12=H12,G12>=P12),"Error - No Enhancement",IF(AND(E12=H12,G12<P12),"Acceptable",IF(F12>N12,"Trading Down - Unacceptable Change",IF(F12=N12,"Error - No Enhancement",'C1 Baseline - Marine'!G13&" - "&IFERROR(VLOOKUP(H12,'Z1 HAB CLASS'!$D$4:$E$45,2,FALSE),"")))))) | K12: =IF(E12="","",IF(AND(E12=H12,G12>=P12),"Error - No Enhancement",IF(AND(E12=H12,G12<P12),'C1 Baseline - Marine'!I13&" - "&'C3 Enhancement - Marine'!O12,IF(F12>N12,"Trading Down - Unacceptable Change",IF(F12=N12,"Error - No Enhancement",IF(AND(E12<>H12,F12<N12),"Lower Distinctiveness Habitat"&" - "&O12,'C1 Baseline - Marine'!I13&" - "&'C3 Enhancement - Marine'!O12)))))) | L12: =IF(E12="","",'C1 Baseline - Marine'!O13) | M12: =IFERROR(VLOOKUP(H12,'Z1 HAB CLASS'!$D$4:$E$45,2,FALSE)," ") | N12: =IFERROR(VLOOKUP(M12,'Z1 HAB CLASS'!$L$3:$N$9,2,FALSE)," ") | P12: =IFERROR(VLOOKUP(O12,'Z3 CONDITION VALUE'!$A$3:$B$5,2,FALSE)," ") | Q12: =IF(OR('C1 Baseline - Marine'!E13="", 'C1 Baseline - Marine'!O13=0),"",'C1 Baseline - Marine'!I13&"") | R12: =_xludf.TEXTJOIN("/",TRUE,E12,Q12) -> #NAME? | S12: =_xludf.TEXTJOIN("/",TRUE,H12,O12) -> #NAME? | T12: {=IF(OR(R12="",S12=""),"",INDEX('Z8 TARGET ENH'!$F$6:$FE$161,_xludf.XMATCH(R12,'Z8 TARGET ENH'!$B$6:$B$161),_xludf.XMATCH(S12,'Z8 TARGET ENH'!$F$2:$FE$2)))} -> #NAME? | U12: =IF(E12="","",VLOOKUP(H12,'Z8 TARGET ENH'!$FH$7:$FJ$48,2,FALSE)) | V12: =IF(E12="","",VLOOKUP(H12,'Z8 TARGET ENH'!$FH$7:$FJ$48,3,FALSE)) | W12: =IF(E12="","",IF(T12="Not possible",0,IFERROR(L12*N12*P12-L12*F12*G12*U12+L12*F12*G12, "Error"))) | Z12: =IF(E12="",0,1) -> 0
D13: ='A1 Baseline - Terrestrial'!D14 -> 7 | E13: =IF(OR('C1 Baseline - Marine'!E14="",'C1 Baseline - Marine'!O14=0), "", 'C1 Baseline - Marine'!E14) | F13: =IF(E13="", "", 'C1 Baseline - Marine'!H14) | G13: =IF(E13="", "", 'C1 Baseline - Marine'!J14) | I13: =IF(E13="","",'C1 Baseline - Marine'!K14) | J13: =IF(OR(E13="",H13=""),"",IF(AND(E13=H13,G13>=P13),"Error - No Enhancement",IF(AND(E13=H13,G13<P13),"Acceptable",IF(F13>N13,"Trading Down - Unacceptable Change",IF(F13=N13,"Error - No Enhancement",'C1 Baseline - Marine'!G14&" - "&IFERROR(VLOOKUP(H13,'Z1 HAB CLASS'!$D$4:$E$45,2,FALSE),"")))))) | K13: =IF(E13="","",IF(AND(E13=H13,G13>=P13),"Error - No Enhancement",IF(AND(E13=H13,G13<P13),'C1 Baseline - Marine'!I14&" - "&'C3 Enhancement - Marine'!O13,IF(F13>N13,"Trading Down - Unacceptable Change",IF(F13=N13,"Error - No Enhancement",IF(AND(E13<>H13,F13<N13),"Lower Distinctiveness Habitat"&" - "&O13,'C1 Baseline - Marine'!I14&" - "&'C3 Enhancement - Marine'!O13)))))) | L13: =IF(E13="","",'C1 Baseline - Marine'!O14) | M13: =IFERROR(VLOOKUP(H13,'Z1 HAB CLASS'!$D$4:$E$45,2,FALSE)," ") | N13: =IFERROR(VLOOKUP(M13,'Z1 HAB CLASS'!$L$3:$N$9,2,FALSE)," ") | P13: =IFERROR(VLOOKUP(O13,'Z3 CONDITION VALUE'!$A$3:$B$5,2,FALSE)," ") | Q13: =IF(OR('C1 Baseline - Marine'!E14="", 'C1 Baseline - Marine'!O14=0),"",'C1 Baseline - Marine'!I14&"") | R13: =_xludf.TEXTJOIN("/",TRUE,E13,Q13) -> #NAME? | S13: =_xludf.TEXTJOIN("/",TRUE,H13,O13) -> #NAME? | T13: {=IF(OR(R13="",S13=""),"",INDEX('Z8 TARGET ENH'!$F$6:$FE$161,_xludf.XMATCH(R13,'Z8 TARGET ENH'!$B$6:$B$161),_xludf.XMATCH(S13,'Z8 TARGET ENH'!$F$2:$FE$2)))} -> #NAME? | U13: =IF(E13="","",VLOOKUP(H13,'Z8 TARGET ENH'!$FH$7:$FJ$48,2,FALSE)) | V13: =IF(E13="","",VLOOKUP(H13,'Z8 TARGET ENH'!$FH$7:$FJ$48,3,FALSE)) | W13: =IF(E13="","",IF(T13="Not possible",0,IFERROR(L13*N13*P13-L13*F13*G13*U13+L13*F13*G13, "Error"))) | Z13: =IF(E13="",0,1) -> 0
D14: ='A1 Baseline - Terrestrial'!D15 -> 8 | E14: =IF(OR('C1 Baseline - Marine'!E15="",'C1 Baseline - Marine'!O15=0), "", 'C1 Baseline - Marine'!E15) | F14: =IF(E14="", "", 'C1 Baseline - Marine'!H15) | G14: =IF(E14="", "", 'C1 Baseline - Marine'!J15) | I14: =IF(E14="","",'C1 Baseline - Marine'!K15) | J14: =IF(OR(E14="",H14=""),"",IF(AND(E14=H14,G14>=P14),"Error - No Enhancement",IF(AND(E14=H14,G14<P14),"Acceptable",IF(F14>N14,"Trading Down - Unacceptable Change",IF(F14=N14,"Error - No Enhancement",'C1 Baseline - Marine'!G15&" - "&IFERROR(VLOOKUP(H14,'Z1 HAB CLASS'!$D$4:$E$45,2,FALSE),"")))))) | K14: =IF(E14="","",IF(AND(E14=H14,G14>=P14),"Error - No Enhancement",IF(AND(E14=H14,G14<P14),'C1 Baseline - Marine'!I15&" - "&'C3 Enhancement - Marine'!O14,IF(F14>N14,"Trading Down - Unacceptable Change",IF(F14=N14,"Error - No Enhancement",IF(AND(E14<>H14,F14<N14),"Lower Distinctiveness Habitat"&" - "&O14,'C1 Baseline - Marine'!I15&" - "&'C3 Enhancement - Marine'!O14)))))) | L14: =IF(E14="","",'C1 Baseline - Marine'!O15) | M14: =IFERROR(VLOOKUP(H14,'Z1 HAB CLASS'!$D$4:$E$45,2,FALSE)," ") | N14: =IFERROR(VLOOKUP(M14,'Z1 HAB CLASS'!$L$3:$N$9,2,FALSE)," ") | P14: =IFERROR(VLOOKUP(O14,'Z3 CONDITION VALUE'!$A$3:$B$5,2,FALSE)," ") | Q14: =IF(OR('C1 Baseline - Marine'!E15="", 'C1 Baseline - Marine'!O15=0),"",'C1 Baseline - Marine'!I15&"") | R14: =_xludf.TEXTJOIN("/",TRUE,E14,Q14) -> #NAME? | S14: =_xludf.TEXTJOIN("/",TRUE,H14,O14) -> #NAME? | T14: {=IF(OR(R14="",S14=""),"",INDEX('Z8 TARGET ENH'!$F$6:$FE$161,_xludf.XMATCH(R14,'Z8 TARGET ENH'!$B$6:$B$161),_xludf.XMATCH(S14,'Z8 TARGET ENH'!$F$2:$FE$2)))} -> #NAME? | U14: =IF(E14="","",VLOOKUP(H14,'Z8 TARGET ENH'!$FH$7:$FJ$48,2,FALSE)) | V14: =IF(E14="","",VLOOKUP(H14,'Z8 TARGET ENH'!$FH$7:$FJ$48,3,FALSE)) | W14: =IF(E14="","",IF(T14="Not possible",0,IFERROR(L14*N14*P14-L14*F14*G14*U14+L14*F14*G14, "Error"))) | Z14: =IF(E14="",0,1) -> 0
D15: ='A1 Baseline - Terrestrial'!D16 -> 9 | E15: =IF(OR('C1 Baseline - Marine'!E16="",'C1 Baseline - Marine'!O16=0), "", 'C1 Baseline - Marine'!E16) | F15: =IF(E15="", "", 'C1 Baseline - Marine'!H16) | G15: =IF(E15="", "", 'C1 Baseline - Marine'!J16) | I15: =IF(E15="","",'C1 Baseline - Marine'!K16) | J15: =IF(OR(E15="",H15=""),"",IF(AND(E15=H15,G15>=P15),"Error - No Enhancement",IF(AND(E15=H15,G15<P15),"Acceptable",IF(F15>N15,"Trading Down - Unacceptable Change",IF(F15=N15,"Error - No Enhancement",'C1 Baseline - Marine'!G16&" - "&IFERROR(VLOOKUP(H15,'Z1 HAB CLASS'!$D$4:$E$45,2,FALSE),"")))))) | K15: =IF(E15="","",IF(AND(E15=H15,G15>=P15),"Error - No Enhancement",IF(AND(E15=H15,G15<P15),'C1 Baseline - Marine'!I16&" - "&'C3 Enhancement - Marine'!O15,IF(F15>N15,"Trading Down - Unacceptable Change",IF(F15=N15,"Error - No Enhancement",IF(AND(E15<>H15,F15<N15),"Lower Distinctiveness Habitat"&" - "&O15,'C1 Baseline - Marine'!I16&" - "&'C3 Enhancement - Marine'!O15)))))) | L15: =IF(E15="","",'C1 Baseline - Marine'!O16) | M15: =IFERROR(VLOOKUP(H15,'Z1 HAB CLASS'!$D$4:$E$45,2,FALSE)," ") | N15: =IFERROR(VLOOKUP(M15,'Z1 HAB CLASS'!$L$3:$N$9,2,FALSE)," ") | P15: =IFERROR(VLOOKUP(O15,'Z3 CONDITION VALUE'!$A$3:$B$5,2,FALSE)," ") | Q15: =IF(OR('C1 Baseline - Marine'!E16="", 'C1 Baseline - Marine'!O16=0),"",'C1 Baseline - Marine'!I16&"") | R15: =_xludf.TEXTJOIN("/",TRUE,E15,Q15) -> #NAME? | S15: =_xludf.TEXTJOIN("/",TRUE,H15,O15) -> #NAME? | T15: {=IF(OR(R15="",S15=""),"",INDEX('Z8 TARGET ENH'!$F$6:$FE$161,_xludf.XMATCH(R15,'Z8 TARGET ENH'!$B$6:$B$161),_xludf.XMATCH(S15,'Z8 TARGET ENH'!$F$2:$FE$2)))} -> #NAME? | U15: =IF(E15="","",VLOOKUP(H15,'Z8 TARGET ENH'!$FH$7:$FJ$48,2,FALSE)) | V15: =IF(E15="","",VLOOKUP(H15,'Z8 TARGET ENH'!$FH$7:$FJ$48,3,FALSE)) | W15: =IF(E15="","",IF(T15="Not possible",0,IFERROR(L15*N15*P15-L15*F15*G15*U15+L15*F15*G15, "Error"))) | Z15: =IF(E15="",0,1) -> 0
D16: ='A1 Baseline - Terrestrial'!D17 -> 10 | E16: =IF(OR('C1 Baseline - Marine'!E17="",'C1 Baseline - Marine'!O17=0), "", 'C1 Baseline - Marine'!E17) | F16: =IF(E16="", "", 'C1 Baseline - Marine'!H17) | G16: =IF(E16="", "", 'C1 Baseline - Marine'!J17) | I16: =IF(E16="","",'C1 Baseline - Marine'!K17) | J16: =IF(OR(E16="",H16=""),"",IF(AND(E16=H16,G16>=P16),"Error - No Enhancement",IF(AND(E16=H16,G16<P16),"Acceptable",IF(F16>N16,"Trading Down - Unacceptable Change",IF(F16=N16,"Error - No Enhancement",'C1 Baseline - Marine'!G17&" - "&IFERROR(VLOOKUP(H16,'Z1 HAB CLASS'!$D$4:$E$45,2,FALSE),"")))))) | K16: =IF(E16="","",IF(AND(E16=H16,G16>=P16),"Error - No Enhancement",IF(AND(E16=H16,G16<P16),'C1 Baseline - Marine'!I17&" - "&'C3 Enhancement - Marine'!O16,IF(F16>N16,"Trading Down - Unacceptable Change",IF(F16=N16,"Error - No Enhancement",IF(AND(E16<>H16,F16<N16),"Lower Distinctiveness Habitat"&" - "&O16,'C1 Baseline - Marine'!I17&" - "&'C3 Enhancement - Marine'!O16)))))) | L16: =IF(E16="","",'C1 Baseline - Marine'!O17) | M16: =IFERROR(VLOOKUP(H16,'Z1 HAB CLASS'!$D$4:$E$45,2,FALSE)," ") | N16: =IFERROR(VLOOKUP(M16,'Z1 HAB CLASS'!$L$3:$N$9,2,FALSE)," ") | P16: =IFERROR(VLOOKUP(O16,'Z3 CONDITION VALUE'!$A$3:$B$5,2,FALSE)," ") | Q16: =IF(OR('C1 Baseline - Marine'!E17="", 'C1 Baseline - Marine'!O17=0),"",'C1 Baseline - Marine'!I17&"") | R16: =_xludf.TEXTJOIN("/",TRUE,E16,Q16) -> #NAME? | S16: =_xludf.TEXTJOIN("/",TRUE,H16,O16) -> #NAME? | T16: {=IF(OR(R16="",S16=""),"",INDEX('Z8 TARGET ENH'!$F$6:$FE$161,_xludf.XMATCH(R16,'Z8 TARGET ENH'!$B$6:$B$161),_xludf.XMATCH(S16,'Z8 TARGET ENH'!$F$2:$FE$2)))} -> #NAME? | U16: =IF(E16="","",VLOOKUP(H16,'Z8 TARGET ENH'!$FH$7:$FJ$48,2,FALSE)) | V16: =IF(E16="","",VLOOKUP(H16,'Z8 TARGET ENH'!$FH$7:$FJ$48,3,FALSE)) | W16: =IF(E16="","",IF(T16="Not possible",0,IFERROR(L16*N16*P16-L16*F16*G16*U16+L16*F16*G16, "Error"))) | Z16: =IF(E16="",0,1) -> 0
D17: ='A1 Baseline - Terrestrial'!D18 -> 11 | E17: =IF(OR('C1 Baseline - Marine'!E18="",'C1 Baseline - Marine'!O18=0), "", 'C1 Baseline - Marine'!E18) | F17: =IF(E17="", "", 'C1 Baseline - Marine'!H18) | G17: =IF(E17="", "", 'C1 Baseline - Marine'!J18) | I17: =IF(E17="","",'C1 Baseline - Marine'!K18) | J17: =IF(OR(E17="",H17=""),"",IF(AND(E17=H17,G17>=P17),"Error - No Enhancement",IF(AND(E17=H17,G17<P17),"Acceptable",IF(F17>N17,"Trading Down - Unacceptable Change",IF(F17=N17,"Error - No Enhancement",'C1 Baseline - Marine'!G18&" - "&IFERROR(VLOOKUP(H17,'Z1 HAB CLASS'!$D$4:$E$45,2,FALSE),"")))))) | K17: =IF(E17="","",IF(AND(E17=H17,G17>=P17),"Error - No Enhancement",IF(AND(E17=H17,G17<P17),'C1 Baseline - Marine'!I18&" - "&'C3 Enhancement - Marine'!O17,IF(F17>N17,"Trading Down - Unacceptable Change",IF(F17=N17,"Error - No Enhancement",IF(AND(E17<>H17,F17<N17),"Lower Distinctiveness Habitat"&" - "&O17,'C1 Baseline - Marine'!I18&" - "&'C3 Enhancement - Marine'!O17)))))) | L17: =IF(E17="","",'C1 Baseline - Marine'!O18) | M17: =IFERROR(VLOOKUP(H17,'Z1 HAB CLASS'!$D$4:$E$45,2,FALSE)," ") | N17: =IFERROR(VLOOKUP(M17,'Z1 HAB CLASS'!$L$3:$N$9,2,FALSE)," ") | P17: =IFERROR(VLOOKUP(O17,'Z3 CONDITION VALUE'!$A$3:$B$5,2,FALSE)," ") | Q17: =IF(OR('C1 Baseline - Marine'!E18="", 'C1 Baseline - Marine'!O18=0),"",'C1 Baseline - Marine'!I18&"") | R17: =_xludf.TEXTJOIN("/",TRUE,E17,Q17) -> #NAME? | S17: =_xludf.TEXTJOIN("/",TRUE,H17,O17) -> #NAME? | T17: {=IF(OR(R17="",S17=""),"",INDEX('Z8 TARGET ENH'!$F$6:$FE$161,_xludf.XMATCH(R17,'Z8 TARGET ENH'!$B$6:$B$161),_xludf.XMATCH(S17,'Z8 TARGET ENH'!$F$2:$FE$2)))} -> #NAME? | U17: =IF(E17="","",VLOOKUP(H17,'Z8 TARGET ENH'!$FH$7:$FJ$48,2,FALSE)) | V17: =IF(E17="","",VLOOKUP(H17,'Z8 TARGET ENH'!$FH$7:$FJ$48,3,FALSE)) | W17: =IF(E17="","",IF(T17="Not possible",0,IFERROR(L17*N17*P17-L17*F17*G17*U17+L17*F17*G17, "Error"))) | Z17: =IF(E17="",0,1) -> 0
D18: ='A1 Baseline - Terrestrial'!D19 -> 12 | E18: =IF(OR('C1 Baseline - Marine'!E19="",'C1 Baseline - Marine'!O19=0), "", 'C1 Baseline - Marine'!E19) | F18: =IF(E18="", "", 'C1 Baseline - Marine'!H19) | G18: =IF(E18="", "", 'C1 Baseline - Marine'!J19) | I18: =IF(E18="","",'C1 Baseline - Marine'!K19) | J18: =IF(OR(E18="",H18=""),"",IF(AND(E18=H18,G18>=P18),"Error - No Enhancement",IF(AND(E18=H18,G18<P18),"Acceptable",IF(F18>N18,"Trading Down - Unacceptable Change",IF(F18=N18,"Error - No Enhancement",'C1 Baseline - Marine'!G19&" - "&IFERROR(VLOOKUP(H18,'Z1 HAB CLASS'!$D$4:$E$45,2,FALSE),"")))))) | K18: =IF(E18="","",IF(AND(E18=H18,G18>=P18),"Error - No Enhancement",IF(AND(E18=H18,G18<P18),'C1 Baseline - Marine'!I19&" - "&'C3 Enhancement - Marine'!O18,IF(F18>N18,"Trading Down - Unacceptable Change",IF(F18=N18,"Error - No Enhancement",IF(AND(E18<>H18,F18<N18),"Lower Distinctiveness Habitat"&" - "&O18,'C1 Baseline - Marine'!I19&" - "&'C3 Enhancement - Marine'!O18)))))) | L18: =IF(E18="","",'C1 Baseline - Marine'!O19) | M18: =IFERROR(VLOOKUP(H18,'Z1 HAB CLASS'!$D$4:$E$45,2,FALSE)," ") | N18: =IFERROR(VLOOKUP(M18,'Z1 HAB CLASS'!$L$3:$N$9,2,FALSE)," ") | P18: =IFERROR(VLOOKUP(O18,'Z3 CONDITION VALUE'!$A$3:$B$5,2,FALSE)," ") | Q18: =IF(OR('C1 Baseline - Marine'!E19="", 'C1 Baseline - Marine'!O19=0),"",'C1 Baseline - Marine'!I19&"") | R18: =_xludf.TEXTJOIN("/",TRUE,E18,Q18) -> #NAME? | S18: =_xludf.TEXTJOIN("/",TRUE,H18,O18) -> #NAME? | T18: {=IF(OR(R18="",S18=""),"",INDEX('Z8 TARGET ENH'!$F$6:$FE$161,_xludf.XMATCH(R18,'Z8 TARGET ENH'!$B$6:$B$161),_xludf.XMATCH(S18,'Z8 TARGET ENH'!$F$2:$FE$2)))} -> #NAME? | U18: =IF(E18="","",VLOOKUP(H18,'Z8 TARGET ENH'!$FH$7:$FJ$48,2,FALSE)) | V18: =IF(E18="","",VLOOKUP(H18,'Z8 TARGET ENH'!$FH$7:$FJ$48,3,FALSE)) | W18: =IF(E18="","",IF(T18="Not possible",0,IFERROR(L18*N18*P18-L18*F18*G18*U18+L18*F18*G18, "Error"))) | Z18: =IF(E18="",0,1) -> 0
... D254: ='A1 Baseline - Terrestrial'!D255 -> 248 | E254: =IF(OR('C1 Baseline - Marine'!E255="",'C1 Baseline - Marine'!O255=0), "", 'C1 Baseline - Marine'!E255) | F254: =IF(E254="", "", 'C1 Baseline - Marine'!H255) | G254: =IF(E254="", "", 'C1 Baseline - Marine'!J255) | I254: =IF(E254="","",'C1 Baseline - Marine'!K255) | J254: =IF(OR(E254="",H254=""),"",IF(AND(E254=H254,G254>=P254),"Error - No Enhancement",IF(AND(E254=H254,G254<P254),"Acceptable",IF(F254>N254,"Trading Down - Unacceptable Change",IF(F254=N254,"Error - No Enhancement",'C1 Baseline - Marine'!G255&" - "&IFERROR(VLOOKUP(H254,'Z1 HAB CLASS'!$D$4:$E$45,2,FALSE),"")))))) | K254: =IF(E254="","",IF(AND(E254=H254,G254>=P254),"Error - No Enhancement",IF(AND(E254=H254,G254<P254),'C1 Baseline - Marine'!I255&" - "&'C3 Enhancement - Marine'!O254,IF(F254>N254,"Trading Down - Unacceptable Change",IF(F254=N254,"Error - No Enhancement",IF(AND(E254<>H254,F254<N254),"Lower Distinctiveness Habitat"&" - "&O254,'C1 Baseline - Marine'!I255&" - "&'C3 Enhancement - Marine'!O254)))))) | L254: =IF(E254="","",'C1 Baseline - Marine'!O255) | M254: =IFERROR(VLOOKUP(H254,'Z1 HAB CLASS'!$D$4:$E$45,2,FALSE)," ") | N254: =IFERROR(VLOOKUP(M254,'Z1 HAB CLASS'!$L$3:$N$9,2,FALSE)," ") | P254: =IFERROR(VLOOKUP(O254,'Z3 CONDITION VALUE'!$A$3:$B$5,2,FALSE)," ") | Q254: =IF(OR('C1 Baseline - Marine'!E255="", 'C1 Baseline - Marine'!O255=0),"",'C1 Baseline - Marine'!I255&"") | R254: =_xludf.TEXTJOIN("/",TRUE,E254,Q254) -> #NAME? | S254: =_xludf.TEXTJOIN("/",TRUE,H254,O254) -> #NAME? | T254: {=IF(OR(R254="",S254=""),"",INDEX('Z8 TARGET ENH'!$F$6:$FE$161,_xludf.XMATCH(R254,'Z8 TARGET ENH'!$B$6:$B$161),_xludf.XMATCH(S254,'Z8 TARGET ENH'!$F$2:$FE$2)))} -> #NAME? | U254: =IF(E254="","",VLOOKUP(H254,'Z8 TARGET ENH'!$FH$7:$FJ$48,2,FALSE)) | V254: =IF(E254="","",VLOOKUP(H254,'Z8 TARGET ENH'!$FH$7:$FJ$48,3,FALSE)) | W254: =IF(E254="","",IF(T254="Not possible",0,IFERROR(L254*N254*P254-L254*F254*G254*U254+L254*F254*G254, "Error"))) | Z254: =IF(E254="",0,1) -> 0
K255: Total area | L255: =SUM(L7:L254) -> 0 | U255: Total units | W255: =SUM(W7:W254) -> 0 | Z255: 1

Sheet Z1 HAB CLASS
A2: HABITAT CLASSIFICATION | E2: DISTINCTINESS | G2: EXAMPLES | H2: HABITAT TRADING | I2: DIFFICULTY MULTIPLIERS | L2: DISTINCTIVENESS LOOKUP TABLE
A3: Ecosystem | B3: Broad habitat | C3: Habitat | D3: Sub habitat | E3: Category | F3: Score | G3: Definition & Examples | H3: Trading acceptable? Tradiung and Offset Requirement | I3: Difficulty creation | J3: Difficulty enhancement | L3: CLASS | M3: VALUE | N3: TRADING AND OFFSET REQUIREMENT
A4: Terrestrial | B4: Forest | C4: Primary rainforest | D4: Lowland dipterocarp primary forest | E4: ='Z2 DISTINCTIVENESS'!H26 -> Very high | F4: {='Z2 DISTINCTIVENESS'!G26} -> 12 | G4: Primeval forest that has never been cleared (e.g., BTNR, CCNR). | H4: =VLOOKUP(E4,$L$3:$N$10,3,FALSE) -> Irreplaceable - Avoid at all costs. | I4: ='Z7 TARGET CREATION'!I3 -> Not possible | J4: ='Z8 TARGET ENH'!FJ7 -> High | L4: VERY HIGH | M4: ='Z2 DISTINCTIVENESS'!K16 -> 8 | N4: Irreplaceable - Avoid at all costs.
C5: Secondary rainforest | D5: Native dominated secondary forest | E5: ='Z2 DISTINCTIVENESS'!H27 -> High | F5: {='Z2 DISTINCTIVENESS'!G27} -> 9 | G5: Regrowth (including pioneer, intermediate, early-successional, mature) forest that is dominated by native plant species. | H5: =VLOOKUP(E5,$L$3:$N$10,3,FALSE) -> Like-for-like habitat replacement | I5: ='Z7 TARGET CREATION'!I4 -> High | J5: ='Z8 TARGET ENH'!FJ8 -> High | L5: HIGH | M5: ='Z2 DISTINCTIVENESS'!K17 -> 6 | N5: Like-for-like habitat replacement
D6: Coastal forest | E6: ='Z2 DISTINCTIVENESS'!H28 -> High | F6: {='Z2 DISTINCTIVENESS'!G28} -> 8 | G6: Forest along coasts where the substrate is sandy or rocky, dominated by hardy plants that can withstand higher temperatures, strong winds, and salt sprays (e.g., Southern Islands, Sentosa, Pulau Ubin). | H6: =VLOOKUP(E6,$L$3:$N$10,3,FALSE) -> Like-for-like habitat replacement | I6: ='Z7 TARGET CREATION'!I5 -> High | J6: ='Z8 TARGET ENH'!FJ9 -> High | L6: MODERATE | M6: ='Z2 DISTINCTIVENESS'!K18 -> 4 | N6: Same broad habitat or higher distinctiveness habitat required
D7: Abandoned land forest | E7: ='Z2 DISTINCTIVENESS'!H29 -> Moderate | F7: {='Z2 DISTINCTIVENESS'!G29} -> 6 | G7: Regrowth forest developed from abandoned villages, orchards, or plantations, usually dominated by fruit trees, cultivated crops, or ornamental plants. | H7: =VLOOKUP(E7,$L$3:$N$10,3,FALSE) -> Same broad habitat or higher distinctiveness habitat required | I7: ='Z7 TARGET CREATION'!I6 -> Medium | J7: ='Z8 TARGET ENH'!FJ10 -> Medium | L7: LOW | M7: ='Z2 DISTINCTIVENESS'!K19 -> 2 | N7: Replace habitat with low or above distinctiveness habitat
D8: Casuarina-dominated coastal forest | E8: ='Z2 DISTINCTIVENESS'!H30 -> Moderate | F8: {='Z2 DISTINCTIVENESS'!G30} -> 6 | G8: Forest along coasts where the substrate is sandy dominated Casuarina equisetifolia (e.g., Coney Island, East Coast Park) | H8: =VLOOKUP(E8,$L$3:$N$10,3,FALSE) -> Same broad habitat or higher distinctiveness habitat required | I8: ='Z7 TARGET CREATION'!I7 -> Low | J8: ='Z8 TARGET ENH'!FJ11 -> Medium | L8: VERY LOW | M8: ='Z2 DISTINCTIVENESS'!K20 -> 1 | N8: Compensation required according to unit deficit only.
D9: Exotic-dominated secondary forest | E9: ='Z2 DISTINCTIVENESS'!H31 -> Moderate | F9: {='Z2 DISTINCTIVENESS'!G31} -> 6 | G9: Exotic-dominated inland secondary forest arising from land clearance, including exotic tree species such as Falcataria moluccana, Acacia auriculiformis, and Leucaena leucocephala. | H9: =VLOOKUP(E9,$L$3:$N$10,3,FALSE) -> Same broad habitat or higher distinctiveness habitat required | I9: ='Z7 TARGET CREATION'!I8 -> Medium | J9: ='Z8 TARGET ENH'!FJ12 -> Medium | L9: EXTREMELY LOW | M9: ='Z2 DISTINCTIVENESS'!K21 -> 0.5 | N9: Compensation not required.
B10: Scrubland/ Grassland | C10: Scrubland/ Grassland | D10: Scrubland/ Grassland | E10: ='Z2 DISTINCTIVENESS'!H32 -> Low | F10: {='Z2 DISTINCTIVENESS'!G32} -> 5 | G10: Open canopy vegetation dominated by grasses. | H10: =VLOOKUP(E10,$L$3:$N$10,3,FALSE) -> Replace habitat with low or above distinctiveness habitat | I10: ='Z7 TARGET CREATION'!I9 -> Low | J10: ='Z8 TARGET ENH'!FJ13 -> Low | L10: No value | M10: ='Z2 DISTINCTIVENESS'!K22 -> 0 | N10: Compensation not required.
B11: Farmland | C11: Farmland | D11: Outdoor commercial farm | E11: ='Z2 DISTINCTIVENESS'!H33 -> Very low | F11: {='Z2 DISTINCTIVENESS'!G33} -> 2 | G11: Outdoor farm that is on/above ground level with commercial crops; typically large-scale. | H11: =VLOOKUP(E11,$L$3:$N$10,3,FALSE) -> Compensation required according to unit deficit only. | I11: ='Z7 TARGET CREATION'!I10 -> Low | J11: ='Z8 TARGET ENH'!FJ14 -> Low
D12: Outdoor community farm | E12: ='Z2 DISTINCTIVENESS'!H34 -> Very low | F12: {='Z2 DISTINCTIVENESS'!G34} -> 2 | G12: Outdoor farm that is on/above ground level with edible crops cultivated by members of the community; typically small-scale. | H12: =VLOOKUP(E12,$L$3:$N$10,3,FALSE) -> Compensation required according to unit deficit only. | I12: ='Z7 TARGET CREATION'!I11 -> Low | J12: ='Z8 TARGET ENH'!FJ15 -> Low
B13: Urban Vegetation | C13: Living roofs and walls | D13: Outdoor rooftop greenery | E13: ='Z2 DISTINCTIVENESS'!H35 -> Very low | F13: {='Z2 DISTINCTIVENESS'!G35} -> 2 | G13: Outdoor planted vegetation on buildings or other structures above the ground level, including roof gardens, green roofs, terrace planting. | H13: =VLOOKUP(E13,$L$3:$N$10,3,FALSE) -> Compensation required according to unit deficit only. | I13: ='Z7 TARGET CREATION'!I12 -> Low | J13: ='Z8 TARGET ENH'!FJ16 -> Low
D14: Outdoor vertical greenery | E14: ='Z2 DISTINCTIVENESS'!H36 -> Very low | F14: {='Z2 DISTINCTIVENESS'!G36} -> 2 | G14: Outdoor planted vegetation growing on the façade of a building or on separate structural systems. | H14: =VLOOKUP(E14,$L$3:$N$10,3,FALSE) -> Compensation required according to unit deficit only. | I14: ='Z7 TARGET CREATION'!I13 -> Low | J14: ='Z8 TARGET ENH'!FJ17 -> Low
C15: Urban vegetation | D15: Turf | E15: ='Z2 DISTINCTIVENESS'!H37 -> Extremely low | F15: {='Z2 DISTINCTIVENESS'!G37} -> 1 | G15: Land covered with grass that is regularly maintained and mown shortly. | H15: =VLOOKUP(E15,$L$3:$N$10,3,FALSE) -> Compensation not required. | I15: ='Z7 TARGET CREATION'!I14 -> Low | J15: ='Z8 TARGET ENH'!FJ18 -> Low
D16: Streetscape | E16: ='Z2 DISTINCTIVENESS'!H38 -> Very low | F16: {='Z2 DISTINCTIVENESS'!G38} -> 2 | G16: Planted linear vegetation along roadsides. | H16: =VLOOKUP(E16,$L$3:$N$10,3,FALSE) -> Compensation required according to unit deficit only. | I16: ='Z7 TARGET CREATION'!I15 -> Low | J16: ='Z8 TARGET ENH'!FJ19 -> Low
D17: Urban park/garden | E17: ='Z2 DISTINCTIVENESS'!H39 -> Very low | F17: {='Z2 DISTINCTIVENESS'!G39} -> 3 | G17: Outdoor planted vegetation in parks and gardens typcially designated for public use. | H17: =VLOOKUP(E17,$L$3:$N$10,3,FALSE) -> Compensation required according to unit deficit only. | I17: ='Z7 TARGET CREATION'!I16 -> Low | J17: ='Z8 TARGET ENH'!FJ20 -> Low
D18: Golf course | E18: ='Z2 DISTINCTIVENESS'!H40 -> Very low | F18: {='Z2 DISTINCTIVENESS'!G40} -> 2 | G18: Planted vegetation within a golf course. Includes all features of a golfcourse, including bunkers and ponds. Does not include buildings, hardstanding. | H18: =VLOOKUP(E18,$L$3:$N$10,3,FALSE) -> Compensation required according to unit deficit only. | I18: ='Z7 TARGET CREATION'!I17 -> Low | J18: ='Z8 TARGET ENH'!FJ21 -> Low
C19: Hardstanding and buildings | D19: Developed land | E19: ='Z2 DISTINCTIVENESS'!H41 -> No value | F19: {='Z2 DISTINCTIVENESS'!G41} -> 0 | G19: Areas of land developed on, typically associated with urban areas, such as roads and buildings. | H19: =VLOOKUP(E19,$L$3:$N$10,3,FALSE) -> Compensation not required. | I19: ='Z7 TARGET CREATION'!I18 -> Low | J19: ='Z8 TARGET ENH'!FJ22 -> Low
D20: Bare ground | E20: ='Z2 DISTINCTIVENESS'!H42 -> No value | F20: {='Z2 DISTINCTIVENESS'!G42} -> 0 | G20: Areas of exposed soil or ground. This does not include exposed sediments associated with wetlands and coastal environments. | H20: =VLOOKUP(E20,$L$3:$N$10,3,FALSE) -> Compensation not required. | I20: ='Z7 TARGET CREATION'!I19 -> Low | J20: ='Z8 TARGET ENH'!FJ23 -> Low
A21: Freshwater | B21: Rivers | C21: Rivers and streams | D21: Hill stream | E21: ='Z2 DISTINCTIVENESS'!H43 -> High | F21: {='Z2 DISTINCTIVENESS'!G43} -> 8 | G21: Riverine stream associated with elevated terrain, generally enclosed by forest e.g. BTNR. | H21: =VLOOKUP(E21,$L$3:$N$10,3,FALSE) -> Like-for-like habitat replacement | I21: ='Z7 TARGET CREATION'!I20 -> Not possible | J21: ='Z8 TARGET ENH'!FJ24 -> High
D22: Forest or rural stream | E22: ='Z2 DISTINCTIVENESS'!H44 -> Moderate | F22: {='Z2 DISTINCTIVENESS'!G44} -> 7 | G22: A stream enclosed by a canopy, present within a forest or present within a rural location e.g. not present within an urban setting or naturalised. Naturally formed soft-bank stream (wetted width =<3 m) flowing through an area of spontaneous vegetation | H22: =VLOOKUP(E22,$L$3:$N$10,3,FALSE) -> Same broad habitat or higher distinctiveness habitat required | I22: ='Z7 TARGET CREATION'!I21 -> Not possible | J22: ='Z8 TARGET ENH'!FJ25 -> High
D23: Forest or rural river | E23: ='Z2 DISTINCTIVENESS'!H45 -> Moderate | F23: {='Z2 DISTINCTIVENESS'!G45} -> 7 | G23: A river enclosed by a canopy, present within a forest or present within a rural location e.g. not present within an urban setting or naturalised. Naturally formed soft-bank river (wetted width >3 m) flowing through an area of spontaneous vegetation (e.g., Clementi Forest, Tengah South) | H23: =VLOOKUP(E23,$L$3:$N$10,3,FALSE) -> Same broad habitat or higher distinctiveness habitat required | I23: ='Z7 TARGET CREATION'!I22 -> Not possible | J23: ='Z8 TARGET ENH'!FJ26 -> High
D24: Naturalised stream | E24: ='Z2 DISTINCTIVENESS'!H46 -> Low | F24: {='Z2 DISTINCTIVENESS'!G46} -> 5 | G24: A river that has been re-engineered or partially re-engineered that mimics the dynamics of a natural river system e.g. AMK-Bishan Park. Previously concrete-lined drain that was converted into a soft-bank stream (wetted width =<3 m), concrete-lined drain (wetted width =<3 m) with a layer of substrate deposited on top of the concrete and vegetation growing on it. | H24: =VLOOKUP(E24,$L$3:$N$10,3,FALSE) -> Replace habitat with low or above distinctiveness habitat | I24: ='Z7 TARGET CREATION'!I23 -> Low | J24: ='Z8 TARGET ENH'!FJ27 -> Low
D25: Naturalised river | E25: ='Z2 DISTINCTIVENESS'!H47 -> Low | F25: {='Z2 DISTINCTIVENESS'!G47} -> 4 | G25: A river that has been re-engineered or partially re-engineered that mimics the dynamics of a natural river system e.g. AMK-Bishan Park. Previously concrete-lined drain that was converted into a soft-bank stream (wetted width >3 m), concrete-lined drain (wetted width >3 m) with a layer of substrate deposited on top of the concrete and vegetation growing on it. | H25: =VLOOKUP(E25,$L$3:$N$10,3,FALSE) -> Replace habitat with low or above distinctiveness habitat | I25: ='Z7 TARGET CREATION'!I24 -> Medium | J25: ='Z8 TARGET ENH'!FJ28 -> Medium
D26: Concrete drain/ canal | E26: ='Z2 DISTINCTIVENESS'!H48 -> Very low | F26: {='Z2 DISTINCTIVENESS'!G48} -> 2 | G26: Fully concrete-lined channels that enable drainage of water. Includes channelised rivers with an active flow and drains which support water drainage during high rainfall events but which are otherwise periodically wet. | H26: =VLOOKUP(E26,$L$3:$N$10,3,FALSE) -> Compensation required according to unit deficit only. | I26: ='Z7 TARGET CREATION'!I25 -> Low | J26: ='Z8 TARGET ENH'!FJ29 -> Low
B27: Wetlands | C27: Ponds and lakes | D27: Unmanaged soft bank pond | E27: ='Z2 DISTINCTIVENESS'!H49 -> Moderate | F27: {='Z2 DISTINCTIVENESS'!G49} -> 7 | G27: Naturally formed depression in the ground that is filled with water; typically irregularly shaped. Not managed/maintained by people. | H27: =VLOOKUP(E27,$L$3:$N$10,3,FALSE) -> Same broad habitat or higher distinctiveness habitat required | I27: ='Z7 TARGET CREATION'!I26 -> Not possible | J27: ='Z8 TARGET ENH'!FJ30 -> High
D28: Managed soft bank pond | E28: ='Z2 DISTINCTIVENESS'!H50 -> Low | F28: {='Z2 DISTINCTIVENESS'!G50} -> 5 | G28: Man-made pond with porous substrate. (Previously) planted/managed/maintained by people. | H28: =VLOOKUP(E28,$L$3:$N$10,3,FALSE) -> Replace habitat with low or above distinctiveness habitat | I28: ='Z7 TARGET CREATION'!I27 -> Low | J28: ='Z8 TARGET ENH'!FJ31 -> Low
D29: Hard bank pond | E29: ='Z2 DISTINCTIVENESS'!H51 -> Very low | F29: {='Z2 DISTINCTIVENESS'!G51} -> 3 | G29: Man-made pond with impervious substrate. | H29: =VLOOKUP(E29,$L$3:$N$10,3,FALSE) -> Compensation required according to unit deficit only. | I29: ='Z7 TARGET CREATION'!I28 -> Low | J29: ='Z8 TARGET ENH'!FJ32 -> Low
D30: Quarry lake | E30: ='Z2 DISTINCTIVENESS'!H52 -> Moderate | F30: {='Z2 DISTINCTIVENESS'!G52} -> 7 | G30: A lake that has formed as a result of quarry excavation e.g. Little Guilin, Hindhede Quarry, and Singapore Quarry. | H30: =VLOOKUP(E30,$L$3:$N$10,3,FALSE) -> Same broad habitat or higher distinctiveness habitat required | I30: ='Z7 TARGET CREATION'!I29 -> Not possible | J30: ='Z8 TARGET ENH'!FJ33 -> High
D31: Reservoir | E31: ='Z2 DISTINCTIVENESS'!H53 -> Low | F31: {='Z2 DISTINCTIVENESS'!G53} -> 5 | G31: A large waterbody that acts as a source of freshwater. This includes marine or brakish water sources that have been closed off to form reservoirs e.g. Lower Seletar Reservoir, Kranji Reservoir, Marina Reservoir, MacRitchie, Pandan. | H31: =VLOOKUP(E31,$L$3:$N$10,3,FALSE) -> Replace habitat with low or above distinctiveness habitat | I31: ='Z7 TARGET CREATION'!I30 -> High | J31: ='Z8 TARGET ENH'!FJ34 -> High
C32: Other wetland | D32: Freshwater swamp forest | E32: ='Z2 DISTINCTIVENESS'!H54 -> Very high | F32: {='Z2 DISTINCTIVENESS'!G54} -> 11 | G32: Forest formed where slow-flowing streams drain into shallow valleys. The swamp is flooded periodically or semi-permanently, resulting in waterlogged soils that are anaerobic and unstable (e.g., NSSF). | H32: =VLOOKUP(E32,$L$3:$N$10,3,FALSE) -> Irreplaceable - Avoid at all costs. | I32: ='Z7 TARGET CREATION'!I31 -> High | J32: ='Z8 TARGET ENH'!FJ35 -> Medium
D33: Freshwater marsh | E33: ='Z2 DISTINCTIVENESS'!H55 -> Very high | F33: {='Z2 DISTINCTIVENESS'!G55} -> 11 | G33: Wetland that is covered by water and typically dominated by grasses, sedges, and other herbaceous plants or hydrophytes that are able to tolerate flooding (e.g., Kranji Marshes). | H33: =VLOOKUP(E33,$L$3:$N$10,3,FALSE) -> Irreplaceable - Avoid at all costs. | I33: ='Z7 TARGET CREATION'!I32 -> High | J33: ='Z8 TARGET ENH'!FJ36 -> Medium
C34: Urban wetland | D34: Rain garden, swale, biotope | E34: ='Z2 DISTINCTIVENESS'!H56 -> Very low | F34: {='Z2 DISTINCTIVENESS'!G56} -> 3 | G34: Rainwater detention feature that holds rainwater for up to 4 h. | H34: =VLOOKUP(E34,$L$3:$N$10,3,FALSE) -> Compensation required according to unit deficit only. | I34: ='Z7 TARGET CREATION'!I33 -> Low | J34: ='Z8 TARGET ENH'!FJ37 -> Low
B35: Mangroves | C35: Mangrove forest | D35: Mangrove forest | E35: ='Z2 DISTINCTIVENESS'!H57 -> Very high | F35: {='Z2 DISTINCTIVENESS'!G57} -> 11 | G35: Intertidal habitat dominated by mangroves species, defined as a group of shrub and tree species that live along shores, rivers, and estuaries. | H35: =VLOOKUP(E35,$L$3:$N$10,3,FALSE) -> Irreplaceable - Avoid at all costs. | I35: ='Z7 TARGET CREATION'!I34 -> High | J35: ='Z8 TARGET ENH'!FJ38 -> Medium
A36: Marine | B36: Intertidal Communities | C36: Intertidal Communities | D36: Mangrove forest | E36: ='Z2 DISTINCTIVENESS'!H58 -> Very high | F36: {='Z2 DISTINCTIVENESS'!G58} -> 11 | G36: Intertidal habitat dominated by mangroves species, defined as a group of shrub and tree species that live along shores, rivers, and estuaries. | H36: =VLOOKUP(E36,$L$3:$N$10,3,FALSE) -> Irreplaceable - Avoid at all costs. | I36: ='Z7 TARGET CREATION'!I35 -> High | J36: ='Z8 TARGET ENH'!FJ39 -> High
D37: Seagrass meadow | E37: ='Z2 DISTINCTIVENESS'!H59 -> Very high | F37: {='Z2 DISTINCTIVENESS'!G59} -> 12 | G37: Intertidal habitat with a contiguous seagrass patch of at least 0.2 ha (Yakub et al, 2013). Typically found in shallow coastal waters, comprising seagrass species occupying soft sediment seabed. Seagrasses are flowering plants, which differents them from seaweed. | H37: =VLOOKUP(E37,$L$3:$N$10,3,FALSE) -> Irreplaceable - Avoid at all costs. | I37: ='Z7 TARGET CREATION'!I36 -> High | J37: ='Z8 TARGET ENH'!FJ40 -> High
D38: Coral reef | E38: ='Z2 DISTINCTIVENESS'!H60 -> Very high | F38: {='Z2 DISTINCTIVENESS'!G60} -> 12 | G38: Intertidal habitat with a diverse community of invertebrates and coral species. Coral species present can withstand high wave action and requires a good amount of sunlight. This habitat type typically occurs at 0-10m depth. | H38: =VLOOKUP(E38,$L$3:$N$10,3,FALSE) -> Irreplaceable - Avoid at all costs. | I38: ='Z7 TARGET CREATION'!I37 -> Medium | J38: ='Z8 TARGET ENH'!FJ41 -> Medium
D39: Mudflats | E39: ='Z2 DISTINCTIVENESS'!H61 -> High | F39: {='Z2 DISTINCTIVENESS'!G61} -> 9 | G39: Soft-sediment seabed without any woody plant structure present and found between the mean high-water and mean low-water spring tide datums. | H39: =VLOOKUP(E39,$L$3:$N$10,3,FALSE) -> Like-for-like habitat replacement | I39: ='Z7 TARGET CREATION'!I38 -> Medium | J39: ='Z8 TARGET ENH'!FJ42 -> Medium
D40: Rocky shore | E40: ='Z2 DISTINCTIVENESS'!H62 -> High | F40: {='Z2 DISTINCTIVENESS'!G62} -> 9 | G40: Intertidal habitat with loose natural rock fragments or coral rubble forming the basis of the habitat's structure (e.g., Labrador Rocky Shore, Tanjong Rimau). | H40: =VLOOKUP(E40,$L$3:$N$10,3,FALSE) -> Like-for-like habitat replacement | I40: ='Z7 TARGET CREATION'!I39 -> Not possible | J40: ='Z8 TARGET ENH'!FJ43 -> Not possible
D41: Artificial marine structures | E41: ='Z2 DISTINCTIVENESS'!H63 -> Low | F41: {='Z2 DISTINCTIVENESS'!G63} -> 4 | G41: Man-made structures such as headlands, seawalls, pillars, jetties found between the mean high-water and mean low-water spring tide datums. | H41: =VLOOKUP(E41,$L$3:$N$10,3,FALSE) -> Replace habitat with low or above distinctiveness habitat | I41: ='Z7 TARGET CREATION'!I40 -> Medium | J41: ='Z8 TARGET ENH'!FJ44 -> Medium
D42: Sandy beach | E42: ='Z2 DISTINCTIVENESS'!H64 -> Low | F42: {='Z2 DISTINCTIVENESS'!G64} -> 4 | G42: Intertidal habitat with loose deposits of sand, gravel and/or shells (e.g., East Coast Park) found between the mean high-water and mean low-water spring tide datums. | H42: =VLOOKUP(E42,$L$3:$N$10,3,FALSE) -> Replace habitat with low or above distinctiveness habitat | I42: ='Z7 TARGET CREATION'!I41 -> Low | J42: ='Z8 TARGET ENH'!FJ45 -> Low
B43: Subtidal Communities | C43: Subtidal Communities | D43: Lower reef | E43: ='Z2 DISTINCTIVENESS'!H65 -> Very high | F43: {='Z2 DISTINCTIVENESS'!G65} -> 11 | G43: Subtidal habitat with a diverse community of invertebrates and coral species. Coral species present can tolerate lower light levels. This habitat typically occurs at 10-20m depth. | H43: =VLOOKUP(E43,$L$3:$N$10,3,FALSE) -> Irreplaceable - Avoid at all costs. | I43: ='Z7 TARGET CREATION'!I42 -> Very high | J43: ='Z8 TARGET ENH'!FJ46 -> Very high
D44: Deep zone | E44: ='Z2 DISTINCTIVENESS'!H66 -> Very high | F44: {='Z2 DISTINCTIVENESS'!G66} -> 10 | G44: The communities here are not well known, but recent studies indicate the presence of a diverse community of sessile and infaunal organisms not usually found in the shallow coral reef areas. These subtidal habitat typically occurs at 20-200m depth. | H44: =VLOOKUP(E44,$L$3:$N$10,3,FALSE) -> Irreplaceable - Avoid at all costs. | I44: ='Z7 TARGET CREATION'!I43 -> Not possible | J44: ='Z8 TARGET ENH'!FJ47 -> Not possible
D45: Soft-sediment seabed | E45: ='Z2 DISTINCTIVENESS'!H67 -> Moderate | F45: {='Z2 DISTINCTIVENESS'!G67} -> 7 | G45: Soft-sediment seabed without any woody plant structure present and are never exposed; can have macroalgae present. | H45: =VLOOKUP(E45,$L$3:$N$10,3,FALSE) -> Same broad habitat or higher distinctiveness habitat required | I45: ='Z7 TARGET CREATION'!I44 -> Medium | J45: ='Z8 TARGET ENH'!FJ48 -> Medium

Sheet Z2 DISTINCTIVENESS
A2: DISTINCTIVENESS DEFINITIONS
A3: Distinctiveness: metric which assesses the generalised value of a given habitat type for biodiversity. Considers habitat naturalness, flora/fauna species richness, irreplaceability, local rarity of habitat and the habitats ability to support unique species. Distinctiveness is a generalised absolute value that is applied to all known parcels of a habitat type. See 'Condition' for a relative scoring.
A4: Distinctiveness category | B4: Description | F4: Distinctiveness score | G4: Suggested Action
A5: V. High | B5: Habitats that are rare and/or are impossible to recreate within 50 years, with very high species richness of non-invasive and/or unique species. | F5: =I16 -> >=10 | G5: Bespoke compensation likely to be required
A6: High | B6: Habitats that are moderately rare and very difficult to recreate, with high species richness of non-invasive and/or unique species. | F6: =I17 -> 8 to 9 | G6: Same habitat required
A7: Moderate | B7: Habitats that are uncommon and moderately difficult to recreate, with moderate species richness of non-invasive and/or unique species. | F7: =I18 -> 6 to 7 | G7: Same habitat or a higher distinctiveness habitat required
A8: Low | B8: Habitats that are common and/or easy to recreate, with low species richness of non-invasive and/or unique species. Typically habitats urban in nature but on the better end of the spectrum for species richness, or habitats which are transitional by nature in the tropics of South East Asia e.g. scrubland. | F8: =I19 -> 4 to 5 | G8: Same habitat or a higher distinctiveness habitat required
A9: V. Low | B9: Habitats that are very common and/or very easy to recreate, with low species richness of non-invasive and/or unique species. The majority of urban habitat types (i.e., outdoor vertical greenery, streetscape, urban park/garden, outdoor community farm, outdoor commercial farm, golf course, turf, outdoor rooftop greenery) fall into this category. | F9: =I20 -> 2 to 3 | G9: Compensation required according to unit deficit only.
A10: Extremely Low | B10: Habitats that comprise very little value to biodiversity which are not desireable to create for biodiversity; typically low species richness e.g., turf. | F10: =I21 -> 1 | G10: Compensation not required.
A11: No value | B11: Unvegetated/built-up areas that are common and/or not desirable to recreate for biodiversity with very low species richness of non-invasive and/or unique species. | F11: =I22 -> <1 | G11: Compensation not required.
A13: DISTINCTIVENESS CRITERIA | H13: DISTINCTIVENESS SCORING RANGE
A14: Criteria | B14: Definition | C14: CRITERIA SCORING | H14: CATEGORY | I14: SCORING RANGE | J14: HABITATS | K14: Score
C15: High (3) | D15: Medium (2) | E15: Low (1) | F15: Zero (0) | G15: Assigned Score
A16: Flora and fauna species richness | B16: The total number of flora (vascular plant) and fauna (bird, butterfly, odonate, amphibian, reptile, mammal) species that can be expected to occur in the habitat, excluding introduced fauna species. | C16: High flora and fauna species richness (900 or more species) | D16: Moderate flora and fauna species richness (600 to 899 species) | E16: Low flora and fauna species richness (300 to 599 species) | F16: Very low flora and fauna species richness (Less than 300 species) | H16: Very high | I16: >=10 | J16: Primary forest, freshwater swamp forest, freshwater marsh, mangrove, rocky shore, seagrass, coral reef | K16: 8
A17: Irreplaceability | B17: The difficulty of recreating, or replacing the habitat to its ecologically optimal structure and species composition via human intervention, natural or accelerated succesion within 30 years. This also takes into account re-establishing of habitat or ecosystem health, and ecological (biotic and abiotic) dynamics required to establish an effectively functioning habitat. | C17: Impossible to recreate/replace (e.g., lowland dipterocarp primary forest) | D17: Difficult to recreate/replace (e.g., native-dominated secondary forest, coastal forest) | E17: Easy to recreate/replace | F17: Not ideal to recreate/replace for biodiversity | H17: High | I17: 8 to 9 | J17: Native dominated secondary forest, coastal forest, grassland, hill stream, forest or rural stream/river, sandy beach, soft sediment seabed (mudflat) | K17: 6
A18: Local rarity of habitat | B18: Area of a particular habitat type remaining as a percentage of all terrestrial land mass in Singapore. For intertidal and marine habitats, this is taken as the proportion of land to sea surface area that the habitat covers across Singapore's total coastal area. | C18: Habitat is rare in Singapore (e.g., lowland dipterocarp primary forest, native-dominated secondary forest, coastal forest, casuarina-dominated forest) (<5%) | D18: Habitat is uncommon in Singapore (e.g., abandoned-land forest, exotic dominated forest) (5% to 30%) | E18: Habitat is common Singapore (e.g.,vertical greenery, streetscape, urban park/garden, community farm, commercial farm, golf course, turf, skyrise greenery). (>30%). Habitats which support <300 species, are asumed to be least priority for biodiversity and therefore automatically fall under this category e.g. farms. Distinct transitional habitats that comprise spontaneous vegetation, such as Scrubland/Grassland, are also considered low despite the habitat's uncommon frequency in Singapore. This habitat type acts as a transitional precurser to forest habitats which produce climax communities and as such are unlikely to remain in perpetual stasis as a natural habitat. Exposure or disturbance to land will enable this habitat to establish, and is therefore unlikely to ever be at risk due to rarity. | F18: Habitat is ubiquitous in Singapore (e.g., buildings). | H18: Moderate | I18: 6 to 7 | J18: Abandoned land forest, causarina-dominated coastal forest, waste woodland, naturalised stream/river, soft bank pond, reservoir | K18: 4
A19: Unique flora and fauna species | B19: The total number of unique flora (vascular plant) and fauna (bird, butterfly, odonate, amphibian, reptile, mammal) species that can be expected to occur in the habitat. Unique species are those that are not typically found in other habitats. | C19: Supports a high number of unique flora and fauna species (15 or more unique species) | D19: Supports some unique flora and fauna species (10 to 14 unique species) | E19: Supports few unique flora and fauna species (Less than 10 species) | F19: Does not support any unique flora and fauna species | H19: Low | I19: 4 to 5 | J19: Fern fominated vegetation, scrubland, hard-bank pond, quarry lake, | K19: 2
E20: TOTAL | G20: =SUM(G16:G19) -> 0 | H20: Very low | I20: 2 to 3 | J20: Farm habitat, vegetated urban habitats, rain garden, bioswale, biotope, rooftop and vertical greenery, golf course. | K20: 1
H21: Extremely low | I21: 1 | J21: Turf | K21: 0.5
H22: No value | I22: <1 | J22: Developed land, bare ground. | K22: 0
A24: HABITAT SCORING - DISINCTIVENESS
A25: Broad Habitat | B25: Sub habitat | C25: Flora and fauna species richness | D25: Irreplaceability | E25: Local rarity of habitat | F25: Unique flora and fauna species | G25: Total score | H25: Attributed distinctiveness
A26: Primary rainforest | B26: ='Z1 HAB CLASS'!D4 -> Lowland dipterocarp primary forest | C26: 3 | D26: 3 | E26: 3 | F26: 3 | G26: =SUM(B26:F26) -> 12 | H26: =IF(G26>=10,"Very high", IF(G26>=8, "High", IF(G26>=6, "Moderate", IF(G26>=4, "Low", IF(G26>1, "Very low", IF(G26=1, "Extremely low", "No value")))))) -> Very high
A27: Secondary rainforest | B27: ='Z1 HAB CLASS'!D5 -> Native dominated secondary forest | C27: 3 | D27: 2 | E27: 3 | F27: 1 | G27: =SUM(B27:F27) -> 9 | H27: =IF(G27>=10,"Very high", IF(G27>=8, "High", IF(G27>=6, "Moderate", IF(G27>=4, "Low", IF(G27>1, "Very low", IF(G27=1, "Extremely low", "No value")))))) -> High
B28: ='Z1 HAB CLASS'!D6 -> Coastal forest | C28: 1 | D28: 2 | E28: 3 | F28: 2 | G28: =SUM(B28:F28) -> 8 | H28: =IF(G28>=10,"Very high", IF(G28>=8, "High", IF(G28>=6, "Moderate", IF(G28>=4, "Low", IF(G28>1, "Very low", IF(G28=1, "Extremely low", "No value")))))) -> High
B29: ='Z1 HAB CLASS'!D7 -> Abandoned land forest | C29: 2 | D29: 1 | E29: 2 | F29: 1 | G29: =SUM(B29:F29) -> 6 | H29: =IF(G29>=10,"Very high", IF(G29>=8, "High", IF(G29>=6, "Moderate", IF(G29>=4, "Low", IF(G29>1, "Very low", IF(G29=1, "Extremely low", "No value")))))) -> Moderate
B30: ='Z1 HAB CLASS'!D8 -> Casuarina-dominated coastal forest | C30: 1 | D30: 1 | E30: 3 | F30: 1 | G30: =SUM(B30:F30) -> 6 | H30: =IF(G30>=10,"Very high", IF(G30>=8, "High", IF(G30>=6, "Moderate", IF(G30>=4, "Low", IF(G30>1, "Very low", IF(G30=1, "Extremely low", "No value")))))) -> Moderate
B31: ='Z1 HAB CLASS'!D9 -> Exotic-dominated secondary forest | C31: 2 | D31: 1 | E31: 2 | F31: 1 | G31: =SUM(B31:F31) -> 6 | H31: =IF(G31>=10,"Very high", IF(G31>=8, "High", IF(G31>=6, "Moderate", IF(G31>=4, "Low", IF(G31>1, "Very low", IF(G31=1, "Extremely low", "No value")))))) -> Moderate
A32: Scrubland/ Grassland | B32: Scrubland/ Grassland | C32: 1 | D32: 1 | E32: 1 | F32: 2 | G32: =SUM(B32:F32) -> 5 | H32: =IF(G32>=10,"Very high", IF(G32>=8, "High", IF(G32>=6, "Moderate", IF(G32>=4, "Low", IF(G32>1, "Very low", IF(G32=1, "Extremely low", "No value")))))) -> Low
A33: Farmland | B33: ='Z1 HAB CLASS'!D11 -> Outdoor commercial farm | C33: 1 | D33: 0 | E33: 1 | F33: 0 | G33: =SUM(B33:F33) -> 2 | H33: =IF(G33>=10,"Very high", IF(G33>=8, "High", IF(G33>=6, "Moderate", IF(G33>=4, "Low", IF(G33>1, "Very low", IF(G33=1, "Extremely low", "No value")))))) -> Very low
B34: ='Z1 HAB CLASS'!D12 -> Outdoor community farm | C34: 1 | D34: 0 | E34: 1 | F34: 0 | G34: =SUM(B34:F34) -> 2 | H34: =IF(G34>=10,"Very high", IF(G34>=8, "High", IF(G34>=6, "Moderate", IF(G34>=4, "Low", IF(G34>1, "Very low", IF(G34=1, "Extremely low", "No value")))))) -> Very low
A35: Living roofs and walls | B35: ='Z1 HAB CLASS'!D13 -> Outdoor rooftop greenery | C35: 0 | D35: 1 | E35: 1 | F35: 0 | G35: =SUM(B35:F35) -> 2 | H35: =IF(G35>=10,"Very high", IF(G35>=8, "High", IF(G35>=6, "Moderate", IF(G35>=4, "Low", IF(G35>1, "Very low", IF(G35=1, "Extremely low", "No value")))))) -> Very low
B36: ='Z1 HAB CLASS'!D14 -> Outdoor vertical greenery | C36: 0 | D36: 1 | E36: 1 | F36: 0 | G36: =SUM(B36:F36) -> 2 | H36: =IF(G36>=10,"Very high", IF(G36>=8, "High", IF(G36>=6, "Moderate", IF(G36>=4, "Low", IF(G36>1, "Very low", IF(G36=1, "Extremely low", "No value")))))) -> Very low
A37: Urban vegetation | B37: ='Z1 HAB CLASS'!D15 -> Turf | C37: 0 | D37: 0 | E37: 1 | F37: 0 | G37: =SUM(B37:F37) -> 1 | H37: =IF(G37>=10,"Very high", IF(G37>=8, "High", IF(G37>=6, "Moderate", IF(G37>=4, "Low", IF(G37>1, "Very low", IF(G37=1, "Extremely low", "No value")))))) -> Extremely low
B38: ='Z1 HAB CLASS'!D16 -> Streetscape | C38: 1 | D38: 0 | E38: 1 | F38: 0 | G38: =SUM(B38:F38) -> 2 | H38: =IF(G38>=10,"Very high", IF(G38>=8, "High", IF(G38>=6, "Moderate", IF(G38>=4, "Low", IF(G38>1, "Very low", IF(G38=1, "Extremely low", "No value")))))) -> Very low
B39: ='Z1 HAB CLASS'!D17 -> Urban park/garden | C39: 1 | D39: 1 | E39: 1 | F39: 0 | G39: =SUM(B39:F39) -> 3 | H39: =IF(G39>=10,"Very high", IF(G39>=8, "High", IF(G39>=6, "Moderate", IF(G39>=4, "Low", IF(G39>1, "Very low", IF(G39=1, "Extremely low", "No value")))))) -> Very low
B40: ='Z1 HAB CLASS'!D18 -> Golf course | C40: 1 | D40: 0 | E40: 1 | F40: 0 | G40: =SUM(B40:F40) -> 2 | H40: =IF(G40>=10,"Very high", IF(G40>=8, "High", IF(G40>=6, "Moderate", IF(G40>=4, "Low", IF(G40>1, "Very low", IF(G40=1, "Extremely low", "No value")))))) -> Very low
A41: Hardstanding and buildings | B41: ='Z1 HAB CLASS'!D19 -> Developed land | C41: 0 | D41: 0 | E41: 0 | F41: 0 | G41: =SUM(B41:F41) -> 0 | H41: =IF(G41>=10,"Very high", IF(G41>=8, "High", IF(G41>=6, "Moderate", IF(G41>=4, "Low", IF(G41>1, "Very low", IF(G41=1, "Extremely low", "No value")))))) -> No value
B42: ='Z1 HAB CLASS'!D20 -> Bare ground | C42: 0 | D42: 0 | E42: 0 | F42: 0 | G42: =SUM(B42:F42) -> 0 | H42: =IF(G42>=10,"Very high", IF(G42>=8, "High", IF(G42>=6, "Moderate", IF(G42>=4, "Low", IF(G42>1, "Very low", IF(G42=1, "Extremely low", "No value")))))) -> No value
A43: Rivers and streams | B43: ='Z1 HAB CLASS'!D21 -> Hill stream | C43: 2 | D43: 2 | E43: 3 | F43: 1 | G43: =SUM(B43:F43) -> 8 | H43: =IF(G43>=10,"Very high", IF(G43>=8, "High", IF(G43>=6, "Moderate", IF(G43>=4, "Low", IF(G43>1, "Very low", IF(G43=1, "Extremely low", "No value")))))) -> High
B44: ='Z1 HAB CLASS'!D22 -> Forest or rural stream | C44: 3 | D44: 2 | E44: 2 | F44: 0 | G44: =SUM(B44:F44) -> 7 | H44: =IF(G44>=10,"Very high", IF(G44>=8, "High", IF(G44>=6, "Moderate", IF(G44>=4, "Low", IF(G44>1, "Very low", IF(G44=1, "Extremely low", "No value")))))) -> Moderate
B45: Forest or rural river | C45: 3 | D45: 2 | E45: 2 | F45: 0 | G45: =SUM(B45:F45) -> 7 | H45: =IF(G45>=10,"Very high", IF(G45>=8, "High", IF(G45>=6, "Moderate", IF(G45>=4, "Low", IF(G45>1, "Very low", IF(G45=1, "Extremely low", "No value")))))) -> Moderate
B46: ='Z1 HAB CLASS'!D24 -> Naturalised stream | C46: 2 | D46: 1 | E46: 1 | F46: 1 | G46: =SUM(B46:F46) -> 5 | H46: =IF(G46>=10,"Very high", IF(G46>=8, "High", IF(G46>=6, "Moderate", IF(G46>=4, "Low", IF(G46>1, "Very low", IF(G46=1, "Extremely low", "No value")))))) -> Low
B47: Naturalised river | C47: 2 | D47: 1 | E47: 1 | F47: 0 | G47: =SUM(B47:F47) -> 4 | H47: =IF(G47>=10,"Very high", IF(G47>=8, "High", IF(G47>=6, "Moderate", IF(G47>=4, "Low", IF(G47>1, "Very low", IF(G47=1, "Extremely low", "No value")))))) -> Low
B48: ='Z1 HAB CLASS'!D26 -> Concrete drain/ canal | C48: 1 | D48: 0 | E48: 0 | F48: 1 | G48: =SUM(B48:F48) -> 2 | H48: =IF(G48>=10,"Very high", IF(G48>=8, "High", IF(G48>=6, "Moderate", IF(G48>=4, "Low", IF(G48>1, "Very low", IF(G48=1, "Extremely low", "No value")))))) -> Very low
A49: Ponds and lakes | B49: ='Z1 HAB CLASS'!D27 -> Unmanaged soft bank pond | C49: 3 | D49: 1 | E49: 2 | F49: 1 | G49: =SUM(B49:F49) -> 7 | H49: =IF(G49>=10,"Very high", IF(G49>=8, "High", IF(G49>=6, "Moderate", IF(G49>=4, "Low", IF(G49>1, "Very low", IF(G49=1, "Extremely low", "No value")))))) -> Moderate
B50: ='Z1 HAB CLASS'!D28 -> Managed soft bank pond | C50: 2 | D50: 1 | E50: 1 | F50: 1 | G50: =SUM(B50:F50) -> 5 | H50: =IF(G50>=10,"Very high", IF(G50>=8, "High", IF(G50>=6, "Moderate", IF(G50>=4, "Low", IF(G50>1, "Very low", IF(G50=1, "Extremely low", "No value")))))) -> Low
B51: ='Z1 HAB CLASS'!D29 -> Hard bank pond | C51: 1 | D51: 0 | E51: 1 | F51: 1 | G51: =SUM(B51:F51) -> 3 | H51: =IF(G51>=10,"Very high", IF(G51>=8, "High", IF(G51>=6, "Moderate", IF(G51>=4, "Low", IF(G51>1, "Very low", IF(G51=1, "Extremely low", "No value")))))) -> Very low
B52: ='Z1 HAB CLASS'!D30 -> Quarry lake | C52: 2 | D52: 3 | E52: 2 | F52: 0 | G52: =SUM(B52:F52) -> 7 | H52: =IF(G52>=10,"Very high", IF(G52>=8, "High", IF(G52>=6, "Moderate", IF(G52>=4, "Low", IF(G52>1, "Very low", IF(G52=1, "Extremely low", "No value")))))) -> Moderate
B53: ='Z1 HAB CLASS'!D31 -> Reservoir | C53: 2 | D53: 2 | E53: 1 | F53: 0 | G53: =SUM(B53:F53) -> 5 | H53: =IF(G53>=10,"Very high", IF(G53>=8, "High", IF(G53>=6, "Moderate", IF(G53>=4, "Low", IF(G53>1, "Very low", IF(G53=1, "Extremely low", "No value")))))) -> Low
A54: Other wetland | B54: ='Z1 HAB CLASS'!D32 -> Freshwater swamp forest | C54: 3 | D54: 2 | E54: 3 | F54: 3 | G54: =SUM(B54:F54) -> 11 | H54: =IF(G54>=10,"Very high", IF(G54>=8, "High", IF(G54>=6, "Moderate", IF(G54>=4, "Low", IF(G54>1, "Very low", IF(G54=1, "Extremely low", "No value")))))) -> Very high
B55: ='Z1 HAB CLASS'!D33 -> Freshwater marsh | C55: 3 | D55: 2 | E55: 3 | F55: 3 | G55: =SUM(B55:F55) -> 11 | H55: =IF(G55>=10,"Very high", IF(G55>=8, "High", IF(G55>=6, "Moderate", IF(G55>=4, "Low", IF(G55>1, "Very low", IF(G55=1, "Extremely low", "No value")))))) -> Very high
A56: Urban wetland | B56: ='Z1 HAB CLASS'!D34 -> Rain garden, swale, biotope | C56: 1 | D56: 1 | E56: 1 | F56: 0 | G56: =SUM(B56:F56) -> 3 | H56: =IF(G56>=10,"Very high", IF(G56>=8, "High", IF(G56>=6, "Moderate", IF(G56>=4, "Low", IF(G56>1, "Very low", IF(G56=1, "Extremely low", "No value")))))) -> Very low
A57: Mangrove forest | B57: ='Z1 HAB CLASS'!D35 -> Mangrove forest | C57: 3 | D57: 2 | E57: 3 | F57: 3 | G57: =SUM(B57:F57) -> 11 | H57: =IF(G57>=10,"Very high", IF(G57>=8, "High", IF(G57>=6, "Moderate", IF(G57>=4, "Low", IF(G57>1, "Very low", IF(G57=1, "Extremely low", "No value")))))) -> Very high
A58: Intertidal Communities | B58: Mangrove forest | C58: 3 | D58: 2 | E58: 3 | F58: 3 | G58: =SUM(B58:F58) -> 11 | H58: =IF(G58>=10,"Very high", IF(G58>=8, "High", IF(G58>=6, "Moderate", IF(G58>=4, "Low", IF(G58>1, "Very low", IF(G58=1, "Extremely low", "No value")))))) -> Very high
B59: Seagrass meadow | C59: 3 | D59: 3 | E59: 3 | F59: 3 | G59: =SUM(B59:F59) -> 12 | H59: =IF(G59>=10,"Very high", IF(G59>=8, "High", IF(G59>=6, "Moderate", IF(G59>=4, "Low", IF(G59>1, "Very low", IF(G59=1, "Extremely low", "No value")))))) -> Very high
B60: Coral reef | C60: 3 | D60: 3 | E60: 3 | F60: 3 | G60: =SUM(B60:F60) -> 12 | H60: =IF(G60>=10,"Very high", IF(G60>=8, "High", IF(G60>=6, "Moderate", IF(G60>=4, "Low", IF(G60>1, "Very low", IF(G60=1, "Extremely low", "No value")))))) -> Very high
B61: Mudflats | C61: 2 | D61: 2 | E61: 3 | F61: 2 | G61: =SUM(B61:F61) -> 9 | H61: =IF(G61>=10,"Very high", IF(G61>=8, "High", IF(G61>=6, "Moderate", IF(G61>=4, "Low", IF(G61>1, "Very low", IF(G61=1, "Extremely low", "No value")))))) -> High
B62: Rocky shore | C62: 2 | D62: 2 | E62: 3 | F62: 2 | G62: =SUM(B62:F62) -> 9 | H62: =IF(G62>=10,"Very high", IF(G62>=8, "High", IF(G62>=6, "Moderate", IF(G62>=4, "Low", IF(G62>1, "Very low", IF(G62=1, "Extremely low", "No value")))))) -> High
B63: Artificial marine structures | C63: 1 | D63: 1 | E63: 1 | F63: 1 | G63: =SUM(B63:F63) -> 4 | H63: =IF(G63>=10,"Very high", IF(G63>=8, "High", IF(G63>=6, "Moderate", IF(G63>=4, "Low", IF(G63>1, "Very low", IF(G63=1, "Extremely low", "No value")))))) -> Low
B64: Sandy beach | C64: 1 | D64: 1 | E64: 1 | F64: 1 | G64: =SUM(B64:F64) -> 4 | H64: =IF(G64>=10,"Very high", IF(G64>=8, "High", IF(G64>=6, "Moderate", IF(G64>=4, "Low", IF(G64>1, "Very low", IF(G64=1, "Extremely low", "No value")))))) -> Low
A65: Subtidal Communities | B65: Lower reef | C65: 2 | D65: 3 | E65: 3 | F65: 3 | G65: =SUM(B65:F65) -> 11 | H65: =IF(G65>=10,"Very high", IF(G65>=8, "High", IF(G65>=6, "Moderate", IF(G65>=4, "Low", IF(G65>1, "Very low", IF(G65=1, "Extremely low", "No value")))))) -> Very high
B66: Deep zone | C66: 2 | D66: 3 | E66: 2 | F66: 3 | G66: =SUM(B66:F66) -> 10 | H66: =IF(G66>=10,"Very high", IF(G66>=8, "High", IF(G66>=6, "Moderate", IF(G66>=4, "Low", IF(G66>1, "Very low", IF(G66=1, "Extremely low", "No value")))))) -> Very high
B67: Soft-sediment seabed | C67: 1 | D67: 2 | E67: 3 | F67: 1 | G67: =SUM(B67:F67) -> 7 | H67: =IF(G67>=10,"Very high", IF(G67>=8, "High", IF(G67>=6, "Moderate", IF(G67>=4, "Low", IF(G67>1, "Very low", IF(G67=1, "Extremely low", "No value")))))) -> Moderate

Sheet Z3 CONDITION VALUE
A1: HABITAT CONDITION
A2: Category | B2: Value
A3: Good | B3: 3
A4: Moderate | B4: 2
A5: Poor | B5: 1

Sheet Z7 TARGET CREATION
C1: TIME TO TARGET CONDITION (YEARS) | H1: DIFFICULTY OF CREATION
A2: Habitat | B2: Sub habitat | C2: Good | D2: Moderate | E2: Poor | F2: NA | G2: Sub habitat | H2: Creation
A3: ='Z2 DISTINCTIVENESS'!A26 -> Primary rainforest | B3: ='Z2 DISTINCTIVENESS'!B26 -> Lowland dipterocarp primary forest | C3: Not possible | D3: Not possible | E3: Not possible | F3: Not possible | G3: =B3 -> Lowland dipterocarp primary forest | H3: Not possible | I3: =IF(H3="Not possible", "Not possible", IF(H3=0.67, "High", IF(H3=0.75, "Medium", IF(H3=1, "Low", IF(H3=0.6, "Very high"))))) -> Not possible
A4: Secondary rainforest | B4: ='Z2 DISTINCTIVENESS'!B27 -> Native dominated secondary forest | C4: Not possible | D4: >30 | E4: 28 | F4: Not possible | G4: =B4 -> Native dominated secondary forest | H4: 0.67 | I4: =IF(H4="Not possible", "Not possible", IF(H4=0.67, "High", IF(H4=0.75, "Medium", IF(H4=1, "Low", IF(H4=0.6, "Very high"))))) -> High
B5: ='Z2 DISTINCTIVENESS'!B28 -> Coastal forest | C5: Not possible | D5: 20 | E5: 5 | F5: Not possible | G5: =B5 -> Coastal forest | H5: 0.67 | I5: =IF(H5="Not possible", "Not possible", IF(H5=0.67, "High", IF(H5=0.75, "Medium", IF(H5=1, "Low", IF(H5=0.6, "Very high"))))) -> High
B6: ='Z2 DISTINCTIVENESS'!B29 -> Abandoned land forest | C6: >30 | D6: 20 | E6: 10 | F6: Not possible | G6: =B6 -> Abandoned land forest | H6: 0.75 | I6: =IF(H6="Not possible", "Not possible", IF(H6=0.67, "High", IF(H6=0.75, "Medium", IF(H6=1, "Low", IF(H6=0.6, "Very high"))))) -> Medium
B7: ='Z2 DISTINCTIVENESS'!B30 -> Casuarina-dominated coastal forest | C7: 20 | D7: 10 | E7: 5 | F7: Not possible | G7: =B7 -> Casuarina-dominated coastal forest | H7: 1 | I7: =IF(H7="Not possible", "Not possible", IF(H7=0.67, "High", IF(H7=0.75, "Medium", IF(H7=1, "Low", IF(H7=0.6, "Very high"))))) -> Low
B8: ='Z2 DISTINCTIVENESS'!B31 -> Exotic-dominated secondary forest | C8: 15 | D8: 10 | E8: 5 | F8: Not possible | G8: =B8 -> Exotic-dominated secondary forest | H8: 0.75 | I8: =IF(H8="Not possible", "Not possible", IF(H8=0.67, "High", IF(H8=0.75, "Medium", IF(H8=1, "Low", IF(H8=0.6, "Very high"))))) -> Medium
A9: ='Z2 DISTINCTIVENESS'!A32 -> Scrubland/ Grassland | B9: ='Z2 DISTINCTIVENESS'!B32 -> Scrubland/ Grassland | C9: 7 | D9: 5 | E9: 3 | F9: Not possible | G9: =B9 -> Scrubland/ Grassland | H9: 1 | I9: =IF(H9="Not possible", "Not possible", IF(H9=0.67, "High", IF(H9=0.75, "Medium", IF(H9=1, "Low", IF(H9=0.6, "Very high"))))) -> Low
A10: Farmland | B10: ='Z2 DISTINCTIVENESS'!B33 -> Outdoor commercial farm | C10: Not possible | D10: Not possible | E10: Not possible | F10: 0 | G10: =B10 -> Outdoor commercial farm | H10: 1 | I10: =IF(H10="Not possible", "Not possible", IF(H10=0.67, "High", IF(H10=0.75, "Medium", IF(H10=1, "Low", IF(H10=0.6, "Very high"))))) -> Low
B11: ='Z2 DISTINCTIVENESS'!B34 -> Outdoor community farm | C11: 2 | D11: 1 | E11: 0.5 | F11: Not possible | G11: =B11 -> Outdoor community farm | H11: 1 | I11: =IF(H11="Not possible", "Not possible", IF(H11=0.67, "High", IF(H11=0.75, "Medium", IF(H11=1, "Low", IF(H11=0.6, "Very high"))))) -> Low
A12: Living roofs and walls | B12: ='Z2 DISTINCTIVENESS'!B35 -> Outdoor rooftop greenery | C12: 10 | D12: 5 | E12: 0 | F12: Not possible | G12: =B12 -> Outdoor rooftop greenery | H12: 1 | I12: =IF(H12="Not possible", "Not possible", IF(H12=0.67, "High", IF(H12=0.75, "Medium", IF(H12=1, "Low", IF(H12=0.6, "Very high"))))) -> Low
B13: ='Z2 DISTINCTIVENESS'!B36 -> Outdoor vertical greenery | C13: 2 | D13: 1 | E13: 0 | F13: Not possible | G13: =B13 -> Outdoor vertical greenery | H13: 1 | I13: =IF(H13="Not possible", "Not possible", IF(H13=0.67, "High", IF(H13=0.75, "Medium", IF(H13=1, "Low", IF(H13=0.6, "Very high"))))) -> Low
A14: Urban vegetation | B14: ='Z2 DISTINCTIVENESS'!B37 -> Turf | C14: 2 | D14: 1 | E14: 0 | F14: Not possible | G14: =B14 -> Turf | H14: 1 | I14: =IF(H14="Not possible", "Not possible", IF(H14=0.67, "High", IF(H14=0.75, "Medium", IF(H14=1, "Low", IF(H14=0.6, "Very high"))))) -> Low
B15: ='Z2 DISTINCTIVENESS'!B38 -> Streetscape | C15: 15 | D15: 10 | E15: 5 | F15: Not possible | G15: =B15 -> Streetscape | H15: 1 | I15: =IF(H15="Not possible", "Not possible", IF(H15=0.67, "High", IF(H15=0.75, "Medium", IF(H15=1, "Low", IF(H15=0.6, "Very high"))))) -> Low
B16: ='Z2 DISTINCTIVENESS'!B39 -> Urban park/garden | C16: 15 | D16: 10 | E16: 5 | F16: Not possible | G16: =B16 -> Urban park/garden | H16: 1 | I16: =IF(H16="Not possible", "Not possible", IF(H16=0.67, "High", IF(H16=0.75, "Medium", IF(H16=1, "Low", IF(H16=0.6, "Very high"))))) -> Low
B17: ='Z2 DISTINCTIVENESS'!B40 -> Golf course | C17: 15 | D17: 10 | E17: 0 | F17: Not possible | G17: =B17 -> Golf course | H17: 1 | I17: =IF(H17="Not possible", "Not possible", IF(H17=0.67, "High", IF(H17=0.75, "Medium", IF(H17=1, "Low", IF(H17=0.6, "Very high"))))) -> Low
A18: Hardstanding and buildings | B18: ='Z2 DISTINCTIVENESS'!B41 -> Developed land | C18: Not possible | D18: Not possible | E18: Not possible | F18: 0 | G18: =B18 -> Developed land | H18: 1 | I18: =IF(H18="Not possible", "Not possible", IF(H18=0.67, "High", IF(H18=0.75, "Medium", IF(H18=1, "Low", IF(H18=0.6, "Very high"))))) -> Low
B19: ='Z2 DISTINCTIVENESS'!B42 -> Bare ground | C19: Not possible | D19: Not possible | E19: Not possible | F19: 0 | G19: =B19 -> Bare ground | H19: 1 | I19: =IF(H19="Not possible", "Not possible", IF(H19=0.67, "High", IF(H19=0.75, "Medium", IF(H19=1, "Low", IF(H19=0.6, "Very high"))))) -> Low
A20: Rivers and streams | B20: ='Z2 DISTINCTIVENESS'!B43 -> Hill stream | C20: Not possible | D20: Not possible | E20: Not possible | F20: Not possible | G20: =B20 -> Hill stream | H20: Not possible | I20: =IF(H20="Not possible", "Not possible", IF(H20=0.67, "High", IF(H20=0.75, "Medium", IF(H20=1, "Low", IF(H20=0.6, "Very high"))))) -> Not possible
B21: ='Z2 DISTINCTIVENESS'!B44 -> Forest or rural stream | C21: Not possible | D21: Not possible | E21: Not possible | F21: Not possible | G21: =B21 -> Forest or rural stream | H21: Not possible | I21: =IF(H21="Not possible", "Not possible", IF(H21=0.67, "High", IF(H21=0.75, "Medium", IF(H21=1, "Low", IF(H21=0.6, "Very high"))))) -> Not possible
B22: ='Z2 DISTINCTIVENESS'!B45 -> Forest or rural river | C22: Not possible | D22: Not possible | E22: Not possible | F22: Not possible | G22: =B22 -> Forest or rural river | H22: Not possible | I22: =IF(H22="Not possible", "Not possible", IF(H22=0.67, "High", IF(H22=0.75, "Medium", IF(H22=1, "Low", IF(H22=0.6, "Very high"))))) -> Not possible
B23: ='Z2 DISTINCTIVENESS'!B46 -> Naturalised stream | C23: 5 | D23: 3 | E23: 1 | F23: Not possible | G23: =B23 -> Naturalised stream | H23: 1 | I23: =IF(H23="Not possible", "Not possible", IF(H23=0.67, "High", IF(H23=0.75, "Medium", IF(H23=1, "Low", IF(H23=0.6, "Very high"))))) -> Low
B24: ='Z2 DISTINCTIVENESS'!B47 -> Naturalised river | C24: 5 | D24: 3 | E24: 1 | F24: Not possible | G24: =B24 -> Naturalised river | H24: 0.75 | I24: =IF(H24="Not possible", "Not possible", IF(H24=0.67, "High", IF(H24=0.75, "Medium", IF(H24=1, "Low", IF(H24=0.6, "Very high"))))) -> Medium
B25: ='Z2 DISTINCTIVENESS'!B48 -> Concrete drain/ canal | C25: 5 | D25: 3 | E25: 1 | F25: Not possible | G25: =B25 -> Concrete drain/ canal | H25: 1 | I25: =IF(H25="Not possible", "Not possible", IF(H25=0.67, "High", IF(H25=0.75, "Medium", IF(H25=1, "Low", IF(H25=0.6, "Very high"))))) -> Low
A26: Ponds and lakes | B26: ='Z2 DISTINCTIVENESS'!B49 -> Unmanaged soft bank pond | C26: Not possible | D26: Not possible | E26: Not possible | F26: Not possible | G26: =B26 -> Unmanaged soft bank pond | H26: Not possible | I26: =IF(H26="Not possible", "Not possible", IF(H26=0.67, "High", IF(H26=0.75, "Medium", IF(H26=1, "Low", IF(H26=0.6, "Very high"))))) -> Not possible
B27: ='Z2 DISTINCTIVENESS'!B50 -> Managed soft bank pond | C27: 3 | D27: 2 | E27: 1 | F27: Not possible | G27: =B27 -> Managed soft bank pond | H27: 1 | I27: =IF(H27="Not possible", "Not possible", IF(H27=0.67, "High", IF(H27=0.75, "Medium", IF(H27=1, "Low", IF(H27=0.6, "Very high"))))) -> Low
B28: ='Z2 DISTINCTIVENESS'!B51 -> Hard bank pond | C28: 5 | D28: 3 | E28: 1 | F28: Not possible | G28: =B28 -> Hard bank pond | H28: 1 | I28: =IF(H28="Not possible", "Not possible", IF(H28=0.67, "High", IF(H28=0.75, "Medium", IF(H28=1, "Low", IF(H28=0.6, "Very high"))))) -> Low
B29: ='Z2 DISTINCTIVENESS'!B52 -> Quarry lake | C29: Not possible | D29: Not possible | E29: Not possible | F29: Not possible | G29: =B29 -> Quarry lake | H29: Not possible | I29: =IF(H29="Not possible", "Not possible", IF(H29=0.67, "High", IF(H29=0.75, "Medium", IF(H29=1, "Low", IF(H29=0.6, "Very high"))))) -> Not possible
B30: ='Z2 DISTINCTIVENESS'!B53 -> Reservoir | C30: >30 | D30: 11 to 25 | E30: 6 to 10 | F30: Not possible | G30: =B30 -> Reservoir | H30: 0.67 | I30: =IF(H30="Not possible", "Not possible", IF(H30=0.67, "High", IF(H30=0.75, "Medium", IF(H30=1, "Low", IF(H30=0.6, "Very high"))))) -> High
A31: Other wetland | B31: ='Z2 DISTINCTIVENESS'!B54 -> Freshwater swamp forest | C31: >30 | D31: >30 | E31: >30 | F31: Not possible | G31: =B31 -> Freshwater swamp forest | H31: 0.67 | I31: =IF(H31="Not possible", "Not possible", IF(H31=0.67, "High", IF(H31=0.75, "Medium", IF(H31=1, "Low", IF(H31=0.6, "Very high"))))) -> High
B32: ='Z2 DISTINCTIVENESS'!B55 -> Freshwater marsh | C32: 5 | D32: 3 | E32: 1 | F32: Not possible | G32: =B32 -> Freshwater marsh | H32: 0.67 | I32: =IF(H32="Not possible", "Not possible", IF(H32=0.67, "High", IF(H32=0.75, "Medium", IF(H32=1, "Low", IF(H32=0.6, "Very high"))))) -> High
A33: Urban wetland | B33: ='Z2 DISTINCTIVENESS'!B56 -> Rain garden, swale, biotope | C33: 5 | D33: 3 | E33: 1 | F33: Not possible | G33: =B33 -> Rain garden, swale, biotope | H33: 1 | I33: =IF(H33="Not possible", "Not possible", IF(H33=0.67, "High", IF(H33=0.75, "Medium", IF(H33=1, "Low", IF(H33=0.6, "Very high"))))) -> Low
A34: Mangrove forest | B34: ='Z2 DISTINCTIVENESS'!B57 -> Mangrove forest | C34: >30 | D34: 21 to 25 | E34: 11 to 15 | F34: Not possible | G34: =B34 -> Mangrove forest | H34: 0.67 | I34: =IF(H34="Not possible", "Not possible", IF(H34=0.67, "High", IF(H34=0.75, "Medium", IF(H34=1, "Low", IF(H34=0.6, "Very high"))))) -> High
A35: Intertidal Communities | B35: Mangrove forest | C35: >30 | D35: 21 to 25 | E35: 11 to 15 | F35: Not possible | G35: Mangrove forest | H35: 0.67 | I35: =IF(H35="Not possible", "Not possible", IF(H35=0.67, "High", IF(H35=0.75, "Medium", IF(H35=1, "Low", IF(H35=0.6, "Very high"))))) -> High
B36: Seagrass meadow | C36: 15 | D36: 10 | E36: 2 | F36: Not possible | G36: Seagrass meadow | H36: 0.67 | I36: =IF(H36="Not possible", "Not possible", IF(H36=0.67, "High", IF(H36=0.75, "Medium", IF(H36=1, "Low", IF(H36=0.6, "Very high"))))) -> High
B37: Coral reef | C37: Not possible | D37: 30 | E37: 20 | F37: Not possible | G37: Coral reef | H37: 0.75 | I37: =IF(H37="Not possible", "Not possible", IF(H37=0.67, "High", IF(H37=0.75, "Medium", IF(H37=1, "Low", IF(H37=0.6, "Very high"))))) -> Medium
B38: Mudflats | C38: 5 | D38: 3 | E38: 1 | F38: Not possible | G38: Mudflats | H38: 0.75 | I38: =IF(H38="Not possible", "Not possible", IF(H38=0.67, "High", IF(H38=0.75, "Medium", IF(H38=1, "Low", IF(H38=0.6, "Very high"))))) -> Medium
B39: Rocky shore | C39: Not possible | D39: Not possible | E39: Not possible | F39: Not possible | G39: Rocky shore | H39: Not possible | I39: =IF(H39="Not possible", "Not possible", IF(H39=0.67, "High", IF(H39=0.75, "Medium", IF(H39=1, "Low", IF(H39=0.6, "Very high"))))) -> Not possible
B40: Artificial marine structures | C40: 5 | D40: 3 | E40: 1 | F40: Not possible | G40: Artificial marine structures | H40: 0.75 | I40: =IF(H40="Not possible", "Not possible", IF(H40=0.67, "High", IF(H40=0.75, "Medium", IF(H40=1, "Low", IF(H40=0.6, "Very high"))))) -> Medium
B41: Sandy beach | C41: 10 | D41: 5 | E41: 0 | F41: Not possible | G41: Sandy beach | H41: 1 | I41: =IF(H41="Not possible", "Not possible", IF(H41=0.67, "High", IF(H41=0.75, "Medium", IF(H41=1, "Low", IF(H41=0.6, "Very high"))))) -> Low
A42: Subtidal Communities | B42: Lower reef | C42: Not possible | D42: 30 | E42: 20 | F42: Not possible | G42: Lower reef | H42: 0.6 | I42: =IF(H42="Not possible", "Not possible", IF(H42=0.67, "High", IF(H42=0.75, "Medium", IF(H42=1, "Low", IF(H42=0.6, "Very high"))))) -> Very high
B43: Deep zone | C43: Not possible | D43: Not possible | E43: Not possible | F43: Not possible | G43: Deep zone | H43: Not possible | I43: =IF(H43="Not possible", "Not possible", IF(H43=0.67, "High", IF(H43=0.75, "Medium", IF(H43=1, "Low", IF(H43=0.6, "Very high"))))) -> Not possible
B44: Soft-sediment seabed | C44: 5 | D44: 3 | E44: 1 | F44: Not possible | G44: Soft-sediment seabed | H44: 0.75 | I44: =IF(H44="Not possible", "Not possible", IF(H44=0.67, "High", IF(H44=0.75, "Medium", IF(H44=1, "Low", IF(H44=0.6, "Very high"))))) -> Medium

Sheet Z8 TARGET ENHANCEMENT
C1: TIME TO TARGET CONDITION (YEARS)
B2: Start Condition | C2: Lower Distinctiveness Habitat | D2: Lower Distinctiveness Habitat | E2: Lower Distinctiveness Habitat | F2: Lower Distinctiveness Habitat | G2: Poor | H2: Poor | I2: Moderate | J2: Good | L2: ASSOCIATED MULTIPLIERS
B3: Target Condition | C3: NA | D3: Poor | E3: Moderate | F3: Good | G3: Moderate | H3: Good | I3: Good | J3: Good | L3: ELEVATION: LOWER TO HIGHER DISTINCTIVENESS HABITAT | R3: CHANGE IN CONDITION | AC3: DIFFICULTY OF ENHANCEMENT
